text_cleaned,clean_text_joined,label,tokens,tokens_with_negations
Will this be updated today Mine says I missed yesterday so it used my second to last streak freeze Can this be rectified and can I have my streak freeze back please It was after midnight here before it was fixed so I couldnt complete one even if I wanted to,will update today mine say miss yesterday so use second last streak freeze can rectify can streak freeze back please midnight fix so could not not_complete complete one even want,negative,"['will', 'update', 'today', 'mine', 'say', 'miss', 'yesterday', 'so', 'use', 'second', 'last', 'streak', 'freeze', 'can', 'rectify', 'can', 'streak', 'freeze', 'back', 'please', 'midnight', 'fix', 'so', 'could', 'not', 'complete', 'one', 'even', 'want']","['will', 'update', 'today', 'mine', 'say', 'miss', 'yesterday', 'so', 'use', 'second', 'last', 'streak', 'freeze', 'can', 'rectify', 'can', 'streak', 'freeze', 'back', 'please', 'midnight', 'fix', 'so', 'could', 'not', 'not_complete', 'complete', 'one', 'even', 'want']"
Why is my still not working Im concerned about my streak,still not not_work work concern streak,negative,"['still', 'not', 'work', 'concern', 'streak']","['still', 'not', 'not_work', 'work', 'concern', 'streak']"
Now why the fuck Duolingo do chess now,fuck duolingo chess,negative,"['fuck', 'duolingo', 'chess']","['fuck', 'duolingo', 'chess']"
Here is my profile lets be friends,profile let friend,positive,"['profile', 'let', 'friend']","['profile', 'let', 'friend']"
So I hope today want be counted as a day right th day in current streak after losing previous ones Also bring back the hearts if you can Tried doing a lesson in web right now all went right but the progress wasnt saved I hope Im not affected Streak means a lot,so hope today want count day right th day current streak lose previous one also bring back heart can try lesson web right go right but progress not not_save save hope not not_affected affected streak mean lot,negative,"['so', 'hope', 'today', 'want', 'count', 'day', 'right', 'th', 'day', 'current', 'streak', 'lose', 'previous', 'one', 'also', 'bring', 'back', 'heart', 'can', 'try', 'lesson', 'web', 'right', 'go', 'right', 'but', 'progress', 'not', 'save', 'hope', 'not', 'affected', 'streak', 'mean', 'lot']","['so', 'hope', 'today', 'want', 'count', 'day', 'right', 'th', 'day', 'current', 'streak', 'lose', 'previous', 'one', 'also', 'bring', 'back', 'heart', 'can', 'try', 'lesson', 'web', 'right', 'go', 'right', 'but', 'progress', 'not', 'not_save', 'save', 'hope', 'not', 'not_affected', 'affected', 'streak', 'mean', 'lot']"
lpoks like a massive AWS outage is taking down Snapchat Canva Duolingo Zoom Amazon Fortnite Roblox and more X is holding strong guess were the oasis in the digital desert right now,lpoks like massive aws outage take snapchat canva duolingo zoom amazon fortnite roblox more hold strong guess oasis digital desert right,neutral,"['lpoks', 'like', 'massive', 'aws', 'outage', 'take', 'snapchat', 'canva', 'duolingo', 'zoom', 'amazon', 'fortnite', 'roblox', 'more', 'hold', 'strong', 'guess', 'oasis', 'digital', 'desert', 'right']","['lpoks', 'like', 'massive', 'aws', 'outage', 'take', 'snapchat', 'canva', 'duolingo', 'zoom', 'amazon', 'fortnite', 'roblox', 'more', 'hold', 'strong', 'guess', 'oasis', 'digital', 'desert', 'right']"
I am heavily into tesla now margin shares For hims its shares Now I am also building a position in Duolingo Lets x our net worth then were cookin,heavily tesla margin share hims share also build position duolingo let net worth cookin,neutral,"['heavily', 'tesla', 'margin', 'share', 'hims', 'share', 'also', 'build', 'position', 'duolingo', 'let', 'net', 'worth', 'cookin']","['heavily', 'tesla', 'margin', 'share', 'hims', 'share', 'also', 'build', 'position', 'duolingo', 'let', 'net', 'worth', 'cookin']"
its back i think they resolved it,back think resolve,positive,"['back', 'think', 'resolve']","['back', 'think', 'resolve']"
Abistu juga minta masukin netflix family youtube family duolingo family ikea family,abistu juga minta masukin netflix family youtube family duolingo family ikea family,neutral,"['abistu', 'juga', 'minta', 'masukin', 'netflix', 'family', 'youtube', 'family', 'duolingo', 'family', 'ikea', 'family']","['abistu', 'juga', 'minta', 'masukin', 'netflix', 'family', 'youtube', 'family', 'duolingo', 'family', 'ikea', 'family']"
PLEASE SAVE MINE,please save mine,negative,"['please', 'save', 'mine']","['please', 'save', 'mine']"
Apologies if your freeze was used If you have your username handy wed be happy to assist,apology freeze use username handy wed happy assist,positive,"['apology', 'freeze', 'use', 'username', 'handy', 'wed', 'happy', 'assist']","['apology', 'freeze', 'use', 'username', 'handy', 'wed', 'happy', 'assist']"
micro animations documented all for free,micro animation document free,neutral,"['micro', 'animation', 'document', 'free']","['micro', 'animation', 'document', 'free']"
Random people being banned from Facebook No longer showing up in a search on Facebook or in friends lists Is this part of the outages experienced by Amazon Prime Snapchat Ring Venmo Verizon Lyft Fortnite Reddit DisneyRoblox Canva Duolingo,random people ban facebook no no_longer longer show search facebook friends list part outage experience amazon prime snapchat ring venmo verizon lyft fortnite reddit disneyroblox canva duolingo,neutral,"['random', 'people', 'ban', 'facebook', 'no', 'longer', 'show', 'search', 'facebook', 'friends', 'list', 'part', 'outage', 'experience', 'amazon', 'prime', 'snapchat', 'ring', 'venmo', 'verizon', 'lyft', 'fortnite', 'reddit', 'disneyroblox', 'canva', 'duolingo']","['random', 'people', 'ban', 'facebook', 'no', 'no_longer', 'longer', 'show', 'search', 'facebook', 'friends', 'list', 'part', 'outage', 'experience', 'amazon', 'prime', 'snapchat', 'ring', 'venmo', 'verizon', 'lyft', 'fortnite', 'reddit', 'disneyroblox', 'canva', 'duolingo']"
Better,well,neutral,['well'],['well']
Dear Duolingo please break your maintenance Its annoying,dear duolingo please break maintenance annoy,negative,"['dear', 'duolingo', 'please', 'break', 'maintenance', 'annoy']","['dear', 'duolingo', 'please', 'break', 'maintenance', 'annoy']"
I have started learning new language too after seeing your post hope your issue resolve,start learn new language too see post hope issue resolve,positive,"['start', 'learn', 'new', 'language', 'too', 'see', 'post', 'hope', 'issue', 'resolve']","['start', 'learn', 'new', 'language', 'too', 'see', 'post', 'hope', 'issue', 'resolve']"
Jattends grave mes goodies,jattends grave goody,neutral,"['jattends', 'grave', 'goody']","['jattends', 'grave', 'goody']"
Two German Duolingo lessons in one night babyyy,two german duolingo lesson one night babyyy,positive,"['two', 'german', 'duolingo', 'lesson', 'one', 'night', 'babyyy']","['two', 'german', 'duolingo', 'lesson', 'one', 'night', 'babyyy']"
Duolingo WHAT THE HELL,duolingo hell,negative,"['duolingo', 'hell']","['duolingo', 'hell']"
Wish Duolingo would come back,wish duolingo would come back,neutral,"['wish', 'duolingo', 'would', 'come', 'back']","['wish', 'duolingo', 'would', 'come', 'back']"
Duolingo doesnt work You either fed up about Duos nitpicking or you dont and making mistakes wont hurt you enough to have cognitive enforcement effect,duolingo not not_work work either feed duo nitpicking not not_make make mistake will not not_hurt hurt enough cognitive enforcement effect,negative,"['duolingo', 'not', 'work', 'either', 'feed', 'duo', 'nitpicking', 'not', 'make', 'mistake', 'will', 'not', 'hurt', 'enough', 'cognitive', 'enforcement', 'effect']","['duolingo', 'not', 'not_work', 'work', 'either', 'feed', 'duo', 'nitpicking', 'not', 'not_make', 'make', 'mistake', 'will', 'not', 'not_hurt', 'hurt', 'enough', 'cognitive', 'enforcement', 'effect']"
I dont want to be losing this,not not_want want lose,negative,"['not', 'want', 'lose']","['not', 'not_want', 'want', 'lose']"
hire this guy asap,hire guy asap,neutral,"['hire', 'guy', 'asap']","['hire', 'guy', 'asap']"
Its bad when you have hour left to do duolingo and its down,bad hour leave duolingo,negative,"['bad', 'hour', 'leave', 'duolingo']","['bad', 'hour', 'leave', 'duolingo']"
I completed the October challenge faster than of all learners on Duolingo,complete october challenge faster learner duolingo,positive,"['complete', 'october', 'challenge', 'faster', 'learner', 'duolingo']","['complete', 'october', 'challenge', 'faster', 'learner', 'duolingo']"
Mom was doing her Duolingo lesson It was about a cat that loves the park Mom said icky kitty went to a park once for a sociology paper She had to break a social norm He got lots of attention Pre smart phone so no pictures from the park And she got an A,mom duolingo lesson cat love park mom say icky kitty go park sociology paper break social norm get lot attention pre smart phone so no no_picture picture park get,neutral,"['mom', 'duolingo', 'lesson', 'cat', 'love', 'park', 'mom', 'say', 'icky', 'kitty', 'go', 'park', 'sociology', 'paper', 'break', 'social', 'norm', 'get', 'lot', 'attention', 'pre', 'smart', 'phone', 'so', 'no', 'picture', 'park', 'get']","['mom', 'duolingo', 'lesson', 'cat', 'love', 'park', 'mom', 'say', 'icky', 'kitty', 'go', 'park', 'sociology', 'paper', 'break', 'social', 'norm', 'get', 'lot', 'attention', 'pre', 'smart', 'phone', 'so', 'no', 'no_picture', 'picture', 'park', 'get']"
nah the emotion angle def adds a level of insight thank you duolingo yes yes,nah emotion angle def add level insight thank duolingo yes yes,positive,"['nah', 'emotion', 'angle', 'def', 'add', 'level', 'insight', 'thank', 'duolingo', 'yes', 'yes']","['nah', 'emotion', 'angle', 'def', 'add', 'level', 'insight', 'thank', 'duolingo', 'yes', 'yes']"
The Oct AWS outage hit Amazon Alexa Prime Video Snapchat Roblox Fortnite Reddit Ring Slack Zoom Microsoft Teams Office PlayStation Network Xbox Apple Music Disney Venmo Lyft Coinbase Delta Duolingo HBO Max McDonalds app Starbucks Steam Uber Eats implied and thousands more reliant on AWS Full lists vary by sourcecheck Downdetector for updates,oct aws outage hit amazon alexa prime video snapchat roblox fortnite reddit ring slack zoom microsoft team office playstation network xbox apple music disney venmo lyft coinbase delta duolingo hbo max mcdonalds app starbucks steam uber eats imply thousand more reliant aws full list vary sourcecheck downdetector update,neutral,"['oct', 'aws', 'outage', 'hit', 'amazon', 'alexa', 'prime', 'video', 'snapchat', 'roblox', 'fortnite', 'reddit', 'ring', 'slack', 'zoom', 'microsoft', 'team', 'office', 'playstation', 'network', 'xbox', 'apple', 'music', 'disney', 'venmo', 'lyft', 'coinbase', 'delta', 'duolingo', 'hbo', 'max', 'mcdonalds', 'app', 'starbucks', 'steam', 'uber', 'eats', 'imply', 'thousand', 'more', 'reliant', 'aws', 'full', 'list', 'vary', 'sourcecheck', 'downdetector', 'update']","['oct', 'aws', 'outage', 'hit', 'amazon', 'alexa', 'prime', 'video', 'snapchat', 'roblox', 'fortnite', 'reddit', 'ring', 'slack', 'zoom', 'microsoft', 'team', 'office', 'playstation', 'network', 'xbox', 'apple', 'music', 'disney', 'venmo', 'lyft', 'coinbase', 'delta', 'duolingo', 'hbo', 'max', 'mcdonalds', 'app', 'starbucks', 'steam', 'uber', 'eats', 'imply', 'thousand', 'more', 'reliant', 'aws', 'full', 'list', 'vary', 'sourcecheck', 'downdetector', 'update']"
is it just me or A LOT of apps are down today snapchat canva duolingo what is going ON,just lot apps today snapchat canva duolingo go,negative,"['just', 'lot', 'apps', 'today', 'snapchat', 'canva', 'duolingo', 'go']","['just', 'lot', 'apps', 'today', 'snapchat', 'canva', 'duolingo', 'go']"
Amazon Web Services says it has fixed the underlying problem that has disrupted many of the worlds biggest websites and apps but says there are still significant errors for some services Snapchat Duolingo and Roblox were among those affected earlier,amazon web service say fix underlie problem disrupt many world big website apps but say still significant error service snapchat duolingo roblox among affect earlier,neutral,"['amazon', 'web', 'service', 'say', 'fix', 'underlie', 'problem', 'disrupt', 'many', 'world', 'big', 'website', 'apps', 'but', 'say', 'still', 'significant', 'error', 'service', 'snapchat', 'duolingo', 'roblox', 'among', 'affect', 'earlier']","['amazon', 'web', 'service', 'say', 'fix', 'underlie', 'problem', 'disrupt', 'many', 'world', 'big', 'website', 'apps', 'but', 'say', 'still', 'significant', 'error', 'service', 'snapchat', 'duolingo', 'roblox', 'among', 'affect', 'earlier']"
lily on Duolingo just cant be arsed,lily duolingo just can not not_arsed arsed,neutral,"['lily', 'duolingo', 'just', 'can', 'not', 'arsed']","['lily', 'duolingo', 'just', 'can', 'not', 'not_arsed', 'arsed']"
Damn I know anybody with a Duolingo streak PISSED,damn know anybody duolingo streak piss,negative,"['damn', 'know', 'anybody', 'duolingo', 'streak', 'piss']","['damn', 'know', 'anybody', 'duolingo', 'streak', 'piss']"
Dont forget that or youll pay for duolingo that was luckily years before they went downhill,not not_forget forget youll pay duolingo luckily year go downhill,negative,"['not', 'forget', 'youll', 'pay', 'duolingo', 'luckily', 'year', 'go', 'downhill']","['not', 'not_forget', 'forget', 'youll', 'pay', 'duolingo', 'luckily', 'year', 'go', 'downhill']"
Can I get my streak back My username is Kromag,can get streak back username kromag,neutral,"['can', 'get', 'streak', 'back', 'username', 'kromag']","['can', 'get', 'streak', 'back', 'username', 'kromag']"
Coinbase Snapchat Roblox Canva and Duolingo are facing outages amid an ongoing AWS issue Coinbase says its working to restore access and that all funds are safe,coinbase snapchat roblox canva duolingo face outage amid ongoing aws issue coinbase say work restore access fund safe,neutral,"['coinbase', 'snapchat', 'roblox', 'canva', 'duolingo', 'face', 'outage', 'amid', 'ongoing', 'aws', 'issue', 'coinbase', 'say', 'work', 'restore', 'access', 'fund', 'safe']","['coinbase', 'snapchat', 'roblox', 'canva', 'duolingo', 'face', 'outage', 'amid', 'ongoing', 'aws', 'issue', 'coinbase', 'say', 'work', 'restore', 'access', 'fund', 'safe']"
Ive been using this app for more than years and Ive finally had enough Your last update completely messes up with us free users by making us consume adds for energy in order to play as much as we used to Its straining and honestly even disrespectful bye bitch,use app more year finally enough last update completely mess free user make consume add energy order play much use strain honestly even disrespectful bye bitch,negative,"['use', 'app', 'more', 'year', 'finally', 'enough', 'last', 'update', 'completely', 'mess', 'free', 'user', 'make', 'consume', 'add', 'energy', 'order', 'play', 'much', 'use', 'strain', 'honestly', 'even', 'disrespectful', 'bye', 'bitch']","['use', 'app', 'more', 'year', 'finally', 'enough', 'last', 'update', 'completely', 'mess', 'free', 'user', 'make', 'consume', 'add', 'energy', 'order', 'play', 'much', 'use', 'strain', 'honestly', 'even', 'disrespectful', 'bye', 'bitch']"
is about to break my streak because of this ungodly long maintenance break,break streak ungodly long maintenance break,negative,"['break', 'streak', 'ungodly', 'long', 'maintenance', 'break']","['break', 'streak', 'ungodly', 'long', 'maintenance', 'break']"
Imagine Duolingo Instagram had a bible app baby but engineered for eternity Hooked on Scriptures uses the science of habit and fun Games challenges and a community designed to help you stay hooked on Gods Word,imagine duolingo instagram bible app baby but engineer eternity hook scripture use science habit fun game challenge community design help stay hook god word,positive,"['imagine', 'duolingo', 'instagram', 'bible', 'app', 'baby', 'but', 'engineer', 'eternity', 'hook', 'scripture', 'use', 'science', 'habit', 'fun', 'game', 'challenge', 'community', 'design', 'help', 'stay', 'hook', 'god', 'word']","['imagine', 'duolingo', 'instagram', 'bible', 'app', 'baby', 'but', 'engineer', 'eternity', 'hook', 'scripture', 'use', 'science', 'habit', 'fun', 'game', 'challenge', 'community', 'design', 'help', 'stay', 'hook', 'god', 'word']"
Reference Duolingo Changes at least increase DAU by,reference duolingo change least increase dau,neutral,"['reference', 'duolingo', 'change', 'least', 'increase', 'dau']","['reference', 'duolingo', 'change', 'least', 'increase', 'dau']"
duolingo and uber verification without leaks pretty wild if it works,duolingo uber verification without leak pretty wild work,positive,"['duolingo', 'uber', 'verification', 'without', 'leak', 'pretty', 'wild', 'work']","['duolingo', 'uber', 'verification', 'without', 'leak', 'pretty', 'wild', 'work']"
GO HAMERU GO,go hameru go,neutral,"['go', 'hameru', 'go']","['go', 'hameru', 'go']"
I like as you dey chuck everything for these brand throat,like dey chuck everything brand throat,neutral,"['like', 'dey', 'chuck', 'everything', 'brand', 'throat']","['like', 'dey', 'chuck', 'everything', 'brand', 'throat']"
I completed the October challenge faster than of all learners on Duolingo,complete october challenge faster learner duolingo,positive,"['complete', 'october', 'challenge', 'faster', 'learner', 'duolingo']","['complete', 'october', 'challenge', 'faster', 'learner', 'duolingo']"
cool right,cool right,positive,"['cool', 'right']","['cool', 'right']"
if i lose my fucking duolingo streak i stg,lose fuck duolingo streak stg,negative,"['lose', 'fuck', 'duolingo', 'streak', 'stg']","['lose', 'fuck', 'duolingo', 'streak', 'stg']"
Arab learners of English have been facing a massive issue in the speaking section for the past two months and no update has fixed it yet,arab learner english face massive issue speaking section past two month no no_update update fix yet,negative,"['arab', 'learner', 'english', 'face', 'massive', 'issue', 'speaking', 'section', 'past', 'two', 'month', 'no', 'update', 'fix', 'yet']","['arab', 'learner', 'english', 'face', 'massive', 'issue', 'speaking', 'section', 'past', 'two', 'month', 'no', 'no_update', 'update', 'fix', 'yet']"
bring back hearts pls use this hashtag,bring back heart please use hashtag,negative,"['bring', 'back', 'heart', 'please', 'use', 'hashtag']","['bring', 'back', 'heart', 'please', 'use', 'hashtag']"
There hasnt been a worse update in history of the internet With this new energy system free users cant even practice for minutes straight You lose energy rapidly even if you answer everything correctly Providing free language lessons across the world my ass,not not_bad bad update history internet new energy system free user can not not_even even practice minute straight lose energy rapidly even answer everything correctly provide free language lesson across world,negative,"['not', 'bad', 'update', 'history', 'internet', 'new', 'energy', 'system', 'free', 'user', 'can', 'not', 'even', 'practice', 'minute', 'straight', 'lose', 'energy', 'rapidly', 'even', 'answer', 'everything', 'correctly', 'provide', 'free', 'language', 'lesson', 'across', 'world']","['not', 'not_bad', 'bad', 'update', 'history', 'internet', 'new', 'energy', 'system', 'free', 'user', 'can', 'not', 'not_even', 'even', 'practice', 'minute', 'straight', 'lose', 'energy', 'rapidly', 'even', 'answer', 'everything', 'correctly', 'provide', 'free', 'language', 'lesson', 'across', 'world']"
WADABING WADADING Duolingo idk if I said right,wadabing wadading duolingo not not_know know say right,positive,"['wadabing', 'wadading', 'duolingo', 'not', 'know', 'say', 'right']","['wadabing', 'wadading', 'duolingo', 'not', 'not_know', 'know', 'say', 'right']"
Duolingo been playing around with the settings features again oh well Ill see how my lessons go now,duolingo play around setting feature oh well will see lesson go,neutral,"['duolingo', 'play', 'around', 'setting', 'feature', 'oh', 'well', 'will', 'see', 'lesson', 'go']","['duolingo', 'play', 'around', 'setting', 'feature', 'oh', 'well', 'will', 'see', 'lesson', 'go']"
day streak aint even worth extending,day streak not not_even even worth extend,negative,"['day', 'streak', 'not', 'even', 'worth', 'extend']","['day', 'streak', 'not', 'not_even', 'even', 'worth', 'extend']"
What part of the cycle is this,part cycle,neutral,"['part', 'cycle']","['part', 'cycle']"
Duolingo now not cheap not expensive yawn Boring read about nothing Advertisement,duolingo not not_cheap cheap not not_expensive expensive yawn bore read nothing nothing_advertisement advertisement,negative,"['duolingo', 'not', 'cheap', 'not', 'expensive', 'yawn', 'bore', 'read', 'nothing', 'advertisement']","['duolingo', 'not', 'not_cheap', 'cheap', 'not', 'not_expensive', 'expensive', 'yawn', 'bore', 'read', 'nothing', 'nothing_advertisement', 'advertisement']"
Im learning Italian on Duolingo which I love but wtf is the story with that app the Italian is easier to learn than working out the app,learn italian duolingo love but fuck story app italian easy learn work app,positive,"['learn', 'italian', 'duolingo', 'love', 'but', 'fuck', 'story', 'app', 'italian', 'easy', 'learn', 'work', 'app']","['learn', 'italian', 'duolingo', 'love', 'but', 'fuck', 'story', 'app', 'italian', 'easy', 'learn', 'work', 'app']"
Snapchat Ring Wordle Roblox Fortnite and more go down in huge Amazon internet outage Latest updates The Independent,snapchat ring wordle roblox fortnite more go huge amazon internet outage late update independent,neutral,"['snapchat', 'ring', 'wordle', 'roblox', 'fortnite', 'more', 'go', 'huge', 'amazon', 'internet', 'outage', 'late', 'update', 'independent']","['snapchat', 'ring', 'wordle', 'roblox', 'fortnite', 'more', 'go', 'huge', 'amazon', 'internet', 'outage', 'late', 'update', 'independent']"
I want to start learning japanese Si tu veux on se fait un groupe duolingo,want start learn japanese si tu veux se fait un groupe duolingo,positive,"['want', 'start', 'learn', 'japanese', 'si', 'tu', 'veux', 'se', 'fait', 'un', 'groupe', 'duolingo']","['want', 'start', 'learn', 'japanese', 'si', 'tu', 'veux', 'se', 'fait', 'un', 'groupe', 'duolingo']"
It looks like Snapchat is experiencing outages right now due to issues with Amazon Web Services AWS which is affecting multiple apps like Roblox and Duolingo too Check Downdetector for updatesits ongoing as of Oct Hang tight,look like snapchat experience outage right due issue amazon web service aws affect multiple apps like roblox duolingo too check downdetector updatesits ongoing oct hang tight,neutral,"['look', 'like', 'snapchat', 'experience', 'outage', 'right', 'due', 'issue', 'amazon', 'web', 'service', 'aws', 'affect', 'multiple', 'apps', 'like', 'roblox', 'duolingo', 'too', 'check', 'downdetector', 'updatesits', 'ongoing', 'oct', 'hang', 'tight']","['look', 'like', 'snapchat', 'experience', 'outage', 'right', 'due', 'issue', 'amazon', 'web', 'service', 'aws', 'affect', 'multiple', 'apps', 'like', 'roblox', 'duolingo', 'too', 'check', 'downdetector', 'updatesits', 'ongoing', 'oct', 'hang', 'tight']"
I landed my dream job in weeks My secret Daily consistency So I added that secret sauce to my mobile app That sauce is gamification Like Duolingo keep your streak by doing daily tasks When I was in your spot I spent hours every day on jobhunting tasks Researching and learning about companies Understanding their pains and plans Adding connections on LinkedIn Commenting and reaching out Sending value validation projects Sending custommade resumes But I never skipped a day The people who joined my free training will be the first to test gamification They start Monday New free slots open next month If you cant wait you can preorder the full package Mobile app complete system to land your dream job All for,land dream job week secret daily consistency so add secret sauce mobile app sauce gamification like duolingo keep streak daily task spot spent hour every day jobhunting task research learn company understand pain plan add connection linkedin commenting reach send value validation project send custommade resume but never never_skip skip day people join free train will first test gamification start monday new free slot open next month can not not_wait wait can preorder full package mobile app complete system land dream job,positive,"['land', 'dream', 'job', 'week', 'secret', 'daily', 'consistency', 'so', 'add', 'secret', 'sauce', 'mobile', 'app', 'sauce', 'gamification', 'like', 'duolingo', 'keep', 'streak', 'daily', 'task', 'spot', 'spent', 'hour', 'every', 'day', 'jobhunting', 'task', 'research', 'learn', 'company', 'understand', 'pain', 'plan', 'add', 'connection', 'linkedin', 'commenting', 'reach', 'send', 'value', 'validation', 'project', 'send', 'custommade', 'resume', 'but', 'never', 'skip', 'day', 'people', 'join', 'free', 'train', 'will', 'first', 'test', 'gamification', 'start', 'monday', 'new', 'free', 'slot', 'open', 'next', 'month', 'can', 'not', 'wait', 'can', 'preorder', 'full', 'package', 'mobile', 'app', 'complete', 'system', 'land', 'dream', 'job']","['land', 'dream', 'job', 'week', 'secret', 'daily', 'consistency', 'so', 'add', 'secret', 'sauce', 'mobile', 'app', 'sauce', 'gamification', 'like', 'duolingo', 'keep', 'streak', 'daily', 'task', 'spot', 'spent', 'hour', 'every', 'day', 'jobhunting', 'task', 'research', 'learn', 'company', 'understand', 'pain', 'plan', 'add', 'connection', 'linkedin', 'commenting', 'reach', 'send', 'value', 'validation', 'project', 'send', 'custommade', 'resume', 'but', 'never', 'never_skip', 'skip', 'day', 'people', 'join', 'free', 'train', 'will', 'first', 'test', 'gamification', 'start', 'monday', 'new', 'free', 'slot', 'open', 'next', 'month', 'can', 'not', 'not_wait', 'wait', 'can', 'preorder', 'full', 'package', 'mobile', 'app', 'complete', 'system', 'land', 'dream', 'job']"
all of these apps Snapchat Ring Roblox Clash Royale Life My Fitness Pal Xero Canva Amazon Amazon Web Services Amazon Music Prime Video Clash of Clans Fortnite Wordle Duolingo Coinbase HMRC Vodafone Playstation Pokmon Go Adobe but not X,apps snapchat ring roblox clash royale life fitness pal xero canva amazon amazon web service amazon music prime video clash clan fortnite wordle duolingo coinbase hmrc vodafone playstation pokmon go adobe but not,neutral,"['apps', 'snapchat', 'ring', 'roblox', 'clash', 'royale', 'life', 'fitness', 'pal', 'xero', 'canva', 'amazon', 'amazon', 'web', 'service', 'amazon', 'music', 'prime', 'video', 'clash', 'clan', 'fortnite', 'wordle', 'duolingo', 'coinbase', 'hmrc', 'vodafone', 'playstation', 'pokmon', 'go', 'adobe', 'but', 'not']","['apps', 'snapchat', 'ring', 'roblox', 'clash', 'royale', 'life', 'fitness', 'pal', 'xero', 'canva', 'amazon', 'amazon', 'web', 'service', 'amazon', 'music', 'prime', 'video', 'clash', 'clan', 'fortnite', 'wordle', 'duolingo', 'coinbase', 'hmrc', 'vodafone', 'playstation', 'pokmon', 'go', 'adobe', 'but', 'not']"
Idk people over complicate this but its really as simple as society is going to move on If it aint now its gonna be soon shiny new AI toy will kill them Duolingo Chess was smart but wont save them Just my opinion based in nothing but assumptions for the future,not not_know know people complicate but really simple society go move not not_go go soon shiny new ai toy will kill duolingo chess smart but will not not_save save just opinion base nothing nothing_but but assumption future,negative,"['not', 'know', 'people', 'complicate', 'but', 'really', 'simple', 'society', 'go', 'move', 'not', 'go', 'soon', 'shiny', 'new', 'ai', 'toy', 'will', 'kill', 'duolingo', 'chess', 'smart', 'but', 'will', 'not', 'save', 'just', 'opinion', 'base', 'nothing', 'but', 'assumption', 'future']","['not', 'not_know', 'know', 'people', 'complicate', 'but', 'really', 'simple', 'society', 'go', 'move', 'not', 'not_go', 'go', 'soon', 'shiny', 'new', 'ai', 'toy', 'will', 'kill', 'duolingo', 'chess', 'smart', 'but', 'will', 'not', 'not_save', 'save', 'just', 'opinion', 'base', 'nothing', 'nothing_but', 'but', 'assumption', 'future']"
Amazon Web Services outage disrupts apps and banks including Snapchat Duolingo Barclays Lloyds and Bank of Scotland AWS engineers are working to fix increased error rates and latencies in the USEAST region,amazon web service outage disrupts apps bank include snapchat duolingo barclays lloyd bank scotland aws engineer work fix increased error rate latency useast region,neutral,"['amazon', 'web', 'service', 'outage', 'disrupts', 'apps', 'bank', 'include', 'snapchat', 'duolingo', 'barclays', 'lloyd', 'bank', 'scotland', 'aws', 'engineer', 'work', 'fix', 'increased', 'error', 'rate', 'latency', 'useast', 'region']","['amazon', 'web', 'service', 'outage', 'disrupts', 'apps', 'bank', 'include', 'snapchat', 'duolingo', 'barclays', 'lloyd', 'bank', 'scotland', 'aws', 'engineer', 'work', 'fix', 'increased', 'error', 'rate', 'latency', 'useast', 'region']"
Of course you can Ive started using Babbel it has the same playful vibe as Duolingo but I feel its teaching you the language more than Duolingo does I recommend you try it and I really hope it will work better for you man,course can start use babbel playful vibe duolingo but feel teach language more duolingo recommend try really hope will work well man,neutral,"['course', 'can', 'start', 'use', 'babbel', 'playful', 'vibe', 'duolingo', 'but', 'feel', 'teach', 'language', 'more', 'duolingo', 'recommend', 'try', 'really', 'hope', 'will', 'work', 'well', 'man']","['course', 'can', 'start', 'use', 'babbel', 'playful', 'vibe', 'duolingo', 'but', 'feel', 'teach', 'language', 'more', 'duolingo', 'recommend', 'try', 'really', 'hope', 'will', 'work', 'well', 'man']"
that era when everyone was validating coconuts who cares go learn zulu on duolingo or something,era everyone validate coconut care go learn zulu duolingo something,neutral,"['era', 'everyone', 'validate', 'coconut', 'care', 'go', 'learn', 'zulu', 'duolingo', 'something']","['era', 'everyone', 'validate', 'coconut', 'care', 'go', 'learn', 'zulu', 'duolingo', 'something']"
Good night can you please restore my streak I was preparing for my exams for some days and now my almost days streak is gone Im so sad about it now My username on app is,good night can please restore streak prepare exam day almost day streak go so sad username app,negative,"['good', 'night', 'can', 'please', 'restore', 'streak', 'prepare', 'exam', 'day', 'almost', 'day', 'streak', 'go', 'so', 'sad', 'username', 'app']","['good', 'night', 'can', 'please', 'restore', 'streak', 'prepare', 'exam', 'day', 'almost', 'day', 'streak', 'go', 'so', 'sad', 'username', 'app']"
Global Internet Outage Update Apps Websites Affected Snapchat Fortnite Duolingo Coinbase Robinhood Alexa Ring Slack Microsoft Teams and UK banking sites Lloyds Halifax Bank of Scotland Impact Users faced login failures website crashes and online payment issues as AWSs USEAST region went down Services are now recovering but the outage exposed how much of the internet depends on AWS,global internet outage update apps website affect snapchat fortnite duolingo coinbase robinhood alexa ring slack microsoft team uk banking site lloyds halifax bank scotland impact user face login failure website crash online payment issue awss useast region go service recover but outage expose much internet depend aws,neutral,"['global', 'internet', 'outage', 'update', 'apps', 'website', 'affect', 'snapchat', 'fortnite', 'duolingo', 'coinbase', 'robinhood', 'alexa', 'ring', 'slack', 'microsoft', 'team', 'uk', 'banking', 'site', 'lloyds', 'halifax', 'bank', 'scotland', 'impact', 'user', 'face', 'login', 'failure', 'website', 'crash', 'online', 'payment', 'issue', 'awss', 'useast', 'region', 'go', 'service', 'recover', 'but', 'outage', 'expose', 'much', 'internet', 'depend', 'aws']","['global', 'internet', 'outage', 'update', 'apps', 'website', 'affect', 'snapchat', 'fortnite', 'duolingo', 'coinbase', 'robinhood', 'alexa', 'ring', 'slack', 'microsoft', 'team', 'uk', 'banking', 'site', 'lloyds', 'halifax', 'bank', 'scotland', 'impact', 'user', 'face', 'login', 'failure', 'website', 'crash', 'online', 'payment', 'issue', 'awss', 'useast', 'region', 'go', 'service', 'recover', 'but', 'outage', 'expose', 'much', 'internet', 'depend', 'aws']"
Congrats Going that way,congrats go way,positive,"['congrats', 'go', 'way']","['congrats', 'go', 'way']"
lost my duolingo streak,lose duolingo streak,negative,"['lose', 'duolingo', 'streak']","['lose', 'duolingo', 'streak']"
it is almost am let me sleep,almost let sleep,neutral,"['almost', 'let', 'sleep']","['almost', 'let', 'sleep']"
AWS saved Japanese people from duolingo addiction Hey Japanese people even if Duo the Owl missed it your streaks were definitely interrupted,aws save japanese people duolingo addiction hey japanese people even duo owl miss streak definitely interrupt,neutral,"['aws', 'save', 'japanese', 'people', 'duolingo', 'addiction', 'hey', 'japanese', 'people', 'even', 'duo', 'owl', 'miss', 'streak', 'definitely', 'interrupt']","['aws', 'save', 'japanese', 'people', 'duolingo', 'addiction', 'hey', 'japanese', 'people', 'even', 'duo', 'owl', 'miss', 'streak', 'definitely', 'interrupt']"
Service is affected in the outage Adobe Creative Cloud Amazon including Alexa and Prime Video Apple Music Blink Boost Movile Chime Coinbase Delta Duolingo Epic Games Store Fanduel Fortnite GoDaddy HBO Max Hinge Hulu InstaCart Life Lyft McDonalds app Microsoft Teams My Fitness Pal Office Outlook Pinterest PlayStation Network Pokemon Go Reddit Ring Roblox Roku Signal Slack Snapchat Square Starbucks Steam Strava Tidal Trello Ubisoft Connect Venmo VR Chat Wordle Xbox Xero Zoom,service affect outage adobe creative cloud amazon include alexa prime video apple music blink boost movile chime coinbase delta duolingo epic game store fanduel fortnite godaddy hbo max hinge hulu instacart life lyft mcdonalds app microsoft team fitness pal office outlook pinterest playstation network pokemon go reddit ring roblox roku signal slack snapchat square starbucks steam strava tidal trello ubisoft connect venmo vr chat wordle xbox xero zoom,neutral,"['service', 'affect', 'outage', 'adobe', 'creative', 'cloud', 'amazon', 'include', 'alexa', 'prime', 'video', 'apple', 'music', 'blink', 'boost', 'movile', 'chime', 'coinbase', 'delta', 'duolingo', 'epic', 'game', 'store', 'fanduel', 'fortnite', 'godaddy', 'hbo', 'max', 'hinge', 'hulu', 'instacart', 'life', 'lyft', 'mcdonalds', 'app', 'microsoft', 'team', 'fitness', 'pal', 'office', 'outlook', 'pinterest', 'playstation', 'network', 'pokemon', 'go', 'reddit', 'ring', 'roblox', 'roku', 'signal', 'slack', 'snapchat', 'square', 'starbucks', 'steam', 'strava', 'tidal', 'trello', 'ubisoft', 'connect', 'venmo', 'vr', 'chat', 'wordle', 'xbox', 'xero', 'zoom']","['service', 'affect', 'outage', 'adobe', 'creative', 'cloud', 'amazon', 'include', 'alexa', 'prime', 'video', 'apple', 'music', 'blink', 'boost', 'movile', 'chime', 'coinbase', 'delta', 'duolingo', 'epic', 'game', 'store', 'fanduel', 'fortnite', 'godaddy', 'hbo', 'max', 'hinge', 'hulu', 'instacart', 'life', 'lyft', 'mcdonalds', 'app', 'microsoft', 'team', 'fitness', 'pal', 'office', 'outlook', 'pinterest', 'playstation', 'network', 'pokemon', 'go', 'reddit', 'ring', 'roblox', 'roku', 'signal', 'slack', 'snapchat', 'square', 'starbucks', 'steam', 'strava', 'tidal', 'trello', 'ubisoft', 'connect', 'venmo', 'vr', 'chat', 'wordle', 'xbox', 'xero', 'zoom']"
Meanwhile I dont see any of this because I manage to do a whole Duolingo lesson before I reach the subway platform down there,meanwhile not not_see see manage whole duolingo lesson reach subway platform,positive,"['meanwhile', 'not', 'see', 'manage', 'whole', 'duolingo', 'lesson', 'reach', 'subway', 'platform']","['meanwhile', 'not', 'not_see', 'see', 'manage', 'whole', 'duolingo', 'lesson', 'reach', 'subway', 'platform']"
What language are you learning btw,language learn btw,neutral,"['language', 'learn', 'btw']","['language', 'learn', 'btw']"
I won the Diamond Tournament on Duolingo Its free fun and effective for learning languages,win diamond tournament duolingo free fun effective learn language,positive,"['win', 'diamond', 'tournament', 'duolingo', 'free', 'fun', 'effective', 'learn', 'language']","['win', 'diamond', 'tournament', 'duolingo', 'free', 'fun', 'effective', 'learn', 'language']"
Half the internet goes down after Amazon cloud outage,half internet go amazon cloud outage,neutral,"['half', 'internet', 'go', 'amazon', 'cloud', 'outage']","['half', 'internet', 'go', 'amazon', 'cloud', 'outage']"
the way you think knowing another language is such a big achievement duolingo is free for everyone girl,way think know another language big achievement duolingo free everyone girl,neutral,"['way', 'think', 'know', 'another', 'language', 'big', 'achievement', 'duolingo', 'free', 'everyone', 'girl']","['way', 'think', 'know', 'another', 'language', 'big', 'achievement', 'duolingo', 'free', 'everyone', 'girl']"
Big mess online today Amazon Web Services had a major outage that broke half the internet Snapchat Fortnite Duolingo all went down for hours Turns out one AWS region useast glitched out because of a DNS issue When the cloud sneezes the whole internet catches a cold,big mess online today amazon web service major outage break half internet snapchat fortnite duolingo go hour turn one aws region useast glitched dns issue cloud sneeze whole internet catch cold,neutral,"['big', 'mess', 'online', 'today', 'amazon', 'web', 'service', 'major', 'outage', 'break', 'half', 'internet', 'snapchat', 'fortnite', 'duolingo', 'go', 'hour', 'turn', 'one', 'aws', 'region', 'useast', 'glitched', 'dns', 'issue', 'cloud', 'sneeze', 'whole', 'internet', 'catch', 'cold']","['big', 'mess', 'online', 'today', 'amazon', 'web', 'service', 'major', 'outage', 'break', 'half', 'internet', 'snapchat', 'fortnite', 'duolingo', 'go', 'hour', 'turn', 'one', 'aws', 'region', 'useast', 'glitched', 'dns', 'issue', 'cloud', 'sneeze', 'whole', 'internet', 'catch', 'cold']"
thank you for replying at all ive started learning spanish very slowly very duolingo when it was still usable and wanna get it right,thank reply start learn spanish very slowly very duolingo still usable want get right,positive,"['thank', 'reply', 'start', 'learn', 'spanish', 'very', 'slowly', 'very', 'duolingo', 'still', 'usable', 'want', 'get', 'right']","['thank', 'reply', 'start', 'learn', 'spanish', 'very', 'slowly', 'very', 'duolingo', 'still', 'usable', 'want', 'get', 'right']"
Guys Duolingo is down too,guy duolingo too,negative,"['guy', 'duolingo', 'too']","['guy', 'duolingo', 'too']"
If you message they should be able to restore it Ive heard that theyve done that for people in the past It might be good to wait until Amazon Web Services is good again Best of luck I hope this translates well lol,message should able restore hear theyve people past might good wait amazon web service good best luck hope translate well laugh,positive,"['message', 'should', 'able', 'restore', 'hear', 'theyve', 'people', 'past', 'might', 'good', 'wait', 'amazon', 'web', 'service', 'good', 'best', 'luck', 'hope', 'translate', 'well', 'laugh']","['message', 'should', 'able', 'restore', 'hear', 'theyve', 'people', 'past', 'might', 'good', 'wait', 'amazon', 'web', 'service', 'good', 'best', 'luck', 'hope', 'translate', 'well', 'laugh']"
This AWS outage is serious There are several streaks on the line,aws outage serious several streak line,neutral,"['aws', 'outage', 'serious', 'several', 'streak', 'line']","['aws', 'outage', 'serious', 'several', 'streak', 'line']"
Duolingo sucks though horrible way to learn a language,duolingo suck though horrible way learn language,negative,"['duolingo', 'suck', 'though', 'horrible', 'way', 'learn', 'language']","['duolingo', 'suck', 'though', 'horrible', 'way', 'learn', 'language']"
The existing user base combined with the Duolingo founder experience is an incredible foundation That operational excellence will drive adoption hard,exist user base combine duolingo founder experience incredible foundation operational excellence will drive adoption hard,positive,"['exist', 'user', 'base', 'combine', 'duolingo', 'founder', 'experience', 'incredible', 'foundation', 'operational', 'excellence', 'will', 'drive', 'adoption', 'hard']","['exist', 'user', 'base', 'combine', 'duolingo', 'founder', 'experience', 'incredible', 'foundation', 'operational', 'excellence', 'will', 'drive', 'adoption', 'hard']"
i need my streak back,need streak back,negative,"['need', 'streak', 'back']","['need', 'streak', 'back']"
sometimes i am hit with a strange wave of notreallydepression that is so overwhelming that i call off work and dont go to the gym and dont do my duolingo or my other little daily apps,sometimes hit strange wave notreallydepression so overwhelm call work not not_go go gym not not_duolingo duolingo little daily apps,neutral,"['sometimes', 'hit', 'strange', 'wave', 'notreallydepression', 'so', 'overwhelm', 'call', 'work', 'not', 'go', 'gym', 'not', 'duolingo', 'little', 'daily', 'apps']","['sometimes', 'hit', 'strange', 'wave', 'notreallydepression', 'so', 'overwhelm', 'call', 'work', 'not', 'not_go', 'go', 'gym', 'not', 'not_duolingo', 'duolingo', 'little', 'daily', 'apps']"
ok so i am kind of tired of like the duolingo gangstalking ads,ok so kind tired like duolingo gangstalking ad,negative,"['ok', 'so', 'kind', 'tired', 'like', 'duolingo', 'gangstalking', 'ad']","['ok', 'so', 'kind', 'tired', 'like', 'duolingo', 'gangstalking', 'ad']"
Didnt you get banned from duolingo when trying to speak to kids from Germany and was asking to translate Im but and really aint that bad,not not_get get ban duolingo try speak kid germany ask translate but really not not_bad bad,neutral,"['not', 'get', 'ban', 'duolingo', 'try', 'speak', 'kid', 'germany', 'ask', 'translate', 'but', 'really', 'not', 'bad']","['not', 'not_get', 'get', 'ban', 'duolingo', 'try', 'speak', 'kid', 'germany', 'ask', 'translate', 'but', 'really', 'not', 'not_bad', 'bad']"
please come back my day streak needs saving pic of to make you happy,please come back day streak need save pic make happy,negative,"['please', 'come', 'back', 'day', 'streak', 'need', 'save', 'pic', 'make', 'happy']","['please', 'come', 'back', 'day', 'streak', 'need', 'save', 'pic', 'make', 'happy']"
It better be,good,neutral,['good'],['good']
HALF OF THE INTERNET IS NOW DOWN THIS INCLUDES ROBLOX FORTNITE SNAPCHAT DUOLINGO INSTAGRAM AMAZON VODAFONE WORDLE AND MUCH MORE,half internet include roblox fortnite snapchat duolingo instagram amazon vodafone wordle much more,neutral,"['half', 'internet', 'include', 'roblox', 'fortnite', 'snapchat', 'duolingo', 'instagram', 'amazon', 'vodafone', 'wordle', 'much', 'more']","['half', 'internet', 'include', 'roblox', 'fortnite', 'snapchat', 'duolingo', 'instagram', 'amazon', 'vodafone', 'wordle', 'much', 'more']"
My issue with Duolingo is that it uses weeks on repeating the easiest things,issue duolingo use week repeat easy thing,negative,"['issue', 'duolingo', 'use', 'week', 'repeat', 'easy', 'thing']","['issue', 'duolingo', 'use', 'week', 'repeat', 'easy', 'thing']"
Oh nice,oh nice,positive,"['oh', 'nice']","['oh', 'nice']"
Many of the worlds biggest websites and apps are down due to an outage affecting Amazon Web Services Snapchat Duolingo Zoom and Roblox have all been impacted as well as customers of banks including Lloyds and Halifax,many world big website apps due outage affect amazon web service snapchat duolingo zoom roblox impact well customer bank include lloyd halifax,neutral,"['many', 'world', 'big', 'website', 'apps', 'due', 'outage', 'affect', 'amazon', 'web', 'service', 'snapchat', 'duolingo', 'zoom', 'roblox', 'impact', 'well', 'customer', 'bank', 'include', 'lloyd', 'halifax']","['many', 'world', 'big', 'website', 'apps', 'due', 'outage', 'affect', 'amazon', 'web', 'service', 'snapchat', 'duolingo', 'zoom', 'roblox', 'impact', 'well', 'customer', 'bank', 'include', 'lloyd', 'halifax']"
Selain daripada duolingo I wanna say thanks to a random tt account yang ajar her yr old baby speak french Now I cannot stop saying Cest bon,selain daripada duolingo want say thanks random tt account yang ajar yr old baby speak french can not not_stop stop say bon,positive,"['selain', 'daripada', 'duolingo', 'want', 'say', 'thanks', 'random', 'tt', 'account', 'yang', 'ajar', 'yr', 'old', 'baby', 'speak', 'french', 'can', 'not', 'stop', 'say', 'bon']","['selain', 'daripada', 'duolingo', 'want', 'say', 'thanks', 'random', 'tt', 'account', 'yang', 'ajar', 'yr', 'old', 'baby', 'speak', 'french', 'can', 'not', 'not_stop', 'stop', 'say', 'bon']"
I did not take into account that company accounts are gonna start tweeting about this aswell,not not_take take account company account go start tweet aswell,neutral,"['not', 'take', 'account', 'company', 'account', 'go', 'start', 'tweet', 'aswell']","['not', 'not_take', 'take', 'account', 'company', 'account', 'go', 'start', 'tweet', 'aswell']"
Snapchat Duolingo and several banks among major apps down in Amazon internet services outage,snapchat duolingo several bank among major apps amazon internet service outage,neutral,"['snapchat', 'duolingo', 'several', 'bank', 'among', 'major', 'apps', 'amazon', 'internet', 'service', 'outage']","['snapchat', 'duolingo', 'several', 'bank', 'among', 'major', 'apps', 'amazon', 'internet', 'service', 'outage']"
I only had about years in IT so I may be mistaken but down for maintenance is usually a planned condition and even the end time is planned Just down for the day sounds like something happened,only year so may mistake but maintenance usually planned condition even end time plan just day sound like something happen,neutral,"['only', 'year', 'so', 'may', 'mistake', 'but', 'maintenance', 'usually', 'planned', 'condition', 'even', 'end', 'time', 'plan', 'just', 'day', 'sound', 'like', 'something', 'happen']","['only', 'year', 'so', 'may', 'mistake', 'but', 'maintenance', 'usually', 'planned', 'condition', 'even', 'end', 'time', 'plan', 'just', 'day', 'sound', 'like', 'something', 'happen']"
duolingo is actually pissing me tf off,duolingo actually piss tf,negative,"['duolingo', 'actually', 'piss', 'tf']","['duolingo', 'actually', 'piss', 'tf']"
if youre leaving Duolingo what app would you guys switch to,youre leave duolingo app would guy switch,neutral,"['youre', 'leave', 'duolingo', 'app', 'would', 'guy', 'switch']","['youre', 'leave', 'duolingo', 'app', 'would', 'guy', 'switch']"
It aint even anime its by the people who made big mouth,not not_even even anime people make big mouth,neutral,"['not', 'even', 'anime', 'people', 'make', 'big', 'mouth']","['not', 'not_even', 'even', 'anime', 'people', 'make', 'big', 'mouth']"
Hey man how can I get this book and I want us to collaborate and build an app like Duolingo Ewe version for this,hey man can get book want collaborate build app like duolingo ewe version,neutral,"['hey', 'man', 'can', 'get', 'book', 'want', 'collaborate', 'build', 'app', 'like', 'duolingo', 'ewe', 'version']","['hey', 'man', 'can', 'get', 'book', 'want', 'collaborate', 'build', 'app', 'like', 'duolingo', 'ewe', 'version']"
London Amazon Web Services Outage Disrupts Major Platforms Like Zoom and Snapchat Amazon Web Services AWS a leading cloud service provider experienced a significant outage that disrupted numerous popular platforms such as Zoom Duolingo and Snapch,london amazon web service outage disrupts major platform like zoom snapchat amazon web service aws lead cloud service provider experience significant outage disrupt numerous popular platform zoom duolingo snapch,neutral,"['london', 'amazon', 'web', 'service', 'outage', 'disrupts', 'major', 'platform', 'like', 'zoom', 'snapchat', 'amazon', 'web', 'service', 'aws', 'lead', 'cloud', 'service', 'provider', 'experience', 'significant', 'outage', 'disrupt', 'numerous', 'popular', 'platform', 'zoom', 'duolingo', 'snapch']","['london', 'amazon', 'web', 'service', 'outage', 'disrupts', 'major', 'platform', 'like', 'zoom', 'snapchat', 'amazon', 'web', 'service', 'aws', 'lead', 'cloud', 'service', 'provider', 'experience', 'significant', 'outage', 'disrupt', 'numerous', 'popular', 'platform', 'zoom', 'duolingo', 'snapch']"
Both peloton and Duolingo down,peloton duolingo,negative,"['peloton', 'duolingo']","['peloton', 'duolingo']"
But theres a freeze for yesterday I was consistent this month tho,but theres freeze yesterday consistent month though,negative,"['but', 'theres', 'freeze', 'yesterday', 'consistent', 'month', 'though']","['but', 'theres', 'freeze', 'yesterday', 'consistent', 'month', 'though']"
We should get free streaks from Duolingo,should get free streak duolingo,neutral,"['should', 'get', 'free', 'streak', 'duolingo']","['should', 'get', 'free', 'streak', 'duolingo']"
Frame Imagine Duolingo making it real life by learning languages through real cultural moments not just text,frame imagine duolingo make real life learn language real cultural moment not not_just just text,positive,"['frame', 'imagine', 'duolingo', 'make', 'real', 'life', 'learn', 'language', 'real', 'cultural', 'moment', 'not', 'just', 'text']","['frame', 'imagine', 'duolingo', 'make', 'real', 'life', 'learn', 'language', 'real', 'cultural', 'moment', 'not', 'not_just', 'just', 'text']"
xAIs approach would strip out ideological biases focusing on neutral effective language instruction rooted in realworld utility Lessons could emphasize traditional family structures diverse roles without forced narratives and core grammarvocab mastery over superficial streaks Prioritizing depth via adaptive reasoningGrok could simulate authentic conversations minus distractionswould make learning substantive again What languages interest you most,xais approach would strip ideological bias focus neutral effective language instruction root realworld utility lesson could emphasize traditional family structure diverse role without force narrative core grammarvocab mastery superficial streak prioritize depth via adaptive reasoninggrok could simulate authentic conversation minus distractionswould make learn substantive languages interest most,neutral,"['xais', 'approach', 'would', 'strip', 'ideological', 'bias', 'focus', 'neutral', 'effective', 'language', 'instruction', 'root', 'realworld', 'utility', 'lesson', 'could', 'emphasize', 'traditional', 'family', 'structure', 'diverse', 'role', 'without', 'force', 'narrative', 'core', 'grammarvocab', 'mastery', 'superficial', 'streak', 'prioritize', 'depth', 'via', 'adaptive', 'reasoninggrok', 'could', 'simulate', 'authentic', 'conversation', 'minus', 'distractionswould', 'make', 'learn', 'substantive', 'languages', 'interest', 'most']","['xais', 'approach', 'would', 'strip', 'ideological', 'bias', 'focus', 'neutral', 'effective', 'language', 'instruction', 'root', 'realworld', 'utility', 'lesson', 'could', 'emphasize', 'traditional', 'family', 'structure', 'diverse', 'role', 'without', 'force', 'narrative', 'core', 'grammarvocab', 'mastery', 'superficial', 'streak', 'prioritize', 'depth', 'via', 'adaptive', 'reasoninggrok', 'could', 'simulate', 'authentic', 'conversation', 'minus', 'distractionswould', 'make', 'learn', 'substantive', 'languages', 'interest', 'most']"
Alright i skipped days and this is what Duolingo be looking at me Im crying lmao this shits so funny,alright skip day duolingo look cry laugh shit so funny,positive,"['alright', 'skip', 'day', 'duolingo', 'look', 'cry', 'laugh', 'shit', 'so', 'funny']","['alright', 'skip', 'day', 'duolingo', 'look', 'cry', 'laugh', 'shit', 'so', 'funny']"
Hey duo How are salah arabics courses going,hey duo salah arabic course go,neutral,"['hey', 'duo', 'salah', 'arabic', 'course', 'go']","['hey', 'duo', 'salah', 'arabic', 'course', 'go']"
I completed the October challenge faster than of all learners on Duolingo,complete october challenge faster learner duolingo,positive,"['complete', 'october', 'challenge', 'faster', 'learner', 'duolingo']","['complete', 'october', 'challenge', 'faster', 'learner', 'duolingo']"
Day one of asking to watch the Duolingo anime,day one ask watch duolingo anime,positive,"['day', 'one', 'ask', 'watch', 'duolingo', 'anime']","['day', 'one', 'ask', 'watch', 'duolingo', 'anime']"
If I lose my Duolingo streak I swear to god,lose duolingo streak swear god,negative,"['lose', 'duolingo', 'streak', 'swear', 'god']","['lose', 'duolingo', 'streak', 'swear', 'god']"
Duolingo too is down ke,duolingo too ke,negative,"['duolingo', 'too', 'ke']","['duolingo', 'too', 'ke']"
Snapchat Ring Wordle Roblox Fortnite and more go down in huge Amazon internet outage Latest updates The Independent,snapchat ring wordle roblox fortnite more go huge amazon internet outage late update independent,neutral,"['snapchat', 'ring', 'wordle', 'roblox', 'fortnite', 'more', 'go', 'huge', 'amazon', 'internet', 'outage', 'late', 'update', 'independent']","['snapchat', 'ring', 'wordle', 'roblox', 'fortnite', 'more', 'go', 'huge', 'amazon', 'internet', 'outage', 'late', 'update', 'independent']"
what happened to the rechargeable How in the world would you come up with the idea of losing energy even when you give the right answers How about improving things rather than making them worse,happen rechargeable world would come idea lose energy even give right answer improve thing rather make bad,negative,"['happen', 'rechargeable', 'world', 'would', 'come', 'idea', 'lose', 'energy', 'even', 'give', 'right', 'answer', 'improve', 'thing', 'rather', 'make', 'bad']","['happen', 'rechargeable', 'world', 'would', 'come', 'idea', 'lose', 'energy', 'even', 'give', 'right', 'answer', 'improve', 'thing', 'rather', 'make', 'bad']"
adds Russian to his duolingo languages,add russian duolingo language,neutral,"['add', 'russian', 'duolingo', 'language']","['add', 'russian', 'duolingo', 'language']"
Ive stopped Duolingo but Im going to French school,stop duolingo but go french school,neutral,"['stop', 'duolingo', 'but', 'go', 'french', 'school']","['stop', 'duolingo', 'but', 'go', 'french', 'school']"
Is this internet outage gonna be solved in the next hour or so Because while Ive got a bunch of streak freezes to protect my nine year streak Id still rather not use them and just do my lesson,internet outage go solve next hour so get bunch streak freeze protect nine year streak would still rather not not_use use just lesson,neutral,"['internet', 'outage', 'go', 'solve', 'next', 'hour', 'so', 'get', 'bunch', 'streak', 'freeze', 'protect', 'nine', 'year', 'streak', 'would', 'still', 'rather', 'not', 'use', 'just', 'lesson']","['internet', 'outage', 'go', 'solve', 'next', 'hour', 'so', 'get', 'bunch', 'streak', 'freeze', 'protect', 'nine', 'year', 'streak', 'would', 'still', 'rather', 'not', 'not_use', 'use', 'just', 'lesson']"
No one knows The AWS North Virginia data centre is down for most of the day now and all the services hosted there with it Like Duolingo,no no_one one know aws north virginia data centre most day service host like duolingo,neutral,"['no', 'one', 'know', 'aws', 'north', 'virginia', 'data', 'centre', 'most', 'day', 'service', 'host', 'like', 'duolingo']","['no', 'no_one', 'one', 'know', 'aws', 'north', 'virginia', 'data', 'centre', 'most', 'day', 'service', 'host', 'like', 'duolingo']"
stop taking away my x XP boost like omg that shit is so annoying,stop take away xp boost like oh god shit so annoy,negative,"['stop', 'take', 'away', 'xp', 'boost', 'like', 'oh', 'god', 'shit', 'so', 'annoy']","['stop', 'take', 'away', 'xp', 'boost', 'like', 'oh', 'god', 'shit', 'so', 'annoy']"
Just got my first Nihongo jozu dont wanna hear Duolingo smack talk no more,just get first nihongo jozu not not_want want hear duolingo smack talk no no_more more,positive,"['just', 'get', 'first', 'nihongo', 'jozu', 'not', 'want', 'hear', 'duolingo', 'smack', 'talk', 'no', 'more']","['just', 'get', 'first', 'nihongo', 'jozu', 'not', 'not_want', 'want', 'hear', 'duolingo', 'smack', 'talk', 'no', 'no_more', 'more']"
is still down,still,negative,['still'],['still']
duolingo i forgot how their gaslighty their notifs were i was thinking of the self care bird app finch its a virtual pet to help you do self care and i just couldnt last with it lol,duolingo forget gaslighty notifs think self care bird app finch virtual pet help self care just could not not_last last laugh,negative,"['duolingo', 'forget', 'gaslighty', 'notifs', 'think', 'self', 'care', 'bird', 'app', 'finch', 'virtual', 'pet', 'help', 'self', 'care', 'just', 'could', 'not', 'last', 'laugh']","['duolingo', 'forget', 'gaslighty', 'notifs', 'think', 'self', 'care', 'bird', 'app', 'finch', 'virtual', 'pet', 'help', 'self', 'care', 'just', 'could', 'not', 'not_last', 'last', 'laugh']"
Snapchat Canva Duolingo Zoom Amazon MyFitnessPal Fortnite Signal Roblox and several other major platforms are currently facing a global outage,snapchat canva duolingo zoom amazon myfitnesspal fortnite signal roblox several major platform currently face global outage,neutral,"['snapchat', 'canva', 'duolingo', 'zoom', 'amazon', 'myfitnesspal', 'fortnite', 'signal', 'roblox', 'several', 'major', 'platform', 'currently', 'face', 'global', 'outage']","['snapchat', 'canva', 'duolingo', 'zoom', 'amazon', 'myfitnesspal', 'fortnite', 'signal', 'roblox', 'several', 'major', 'platform', 'currently', 'face', 'global', 'outage']"
and more are currently down,more currently,negative,"['more', 'currently']","['more', 'currently']"
It would be disaster for those of us fighting to keep our languageculture They are called Reform UK for a reason have a leader that flip flops on his policies and what party he wants to be in as do some of their politicians Defecting unelected,would disaster fight keep languageculture call reform uk reason leader flip flop policy party want politician defect unelected,neutral,"['would', 'disaster', 'fight', 'keep', 'languageculture', 'call', 'reform', 'uk', 'reason', 'leader', 'flip', 'flop', 'policy', 'party', 'want', 'politician', 'defect', 'unelected']","['would', 'disaster', 'fight', 'keep', 'languageculture', 'call', 'reform', 'uk', 'reason', 'leader', 'flip', 'flop', 'policy', 'party', 'want', 'politician', 'defect', 'unelected']"
This is the final straw Im redownloading Duolingo and learning Mandarin,final straw redownloading duolingo learning mandarin,positive,"['final', 'straw', 'redownloading', 'duolingo', 'learning', 'mandarin']","['final', 'straw', 'redownloading', 'duolingo', 'learning', 'mandarin']"
on my Duolingo shii,duolingo shii,neutral,"['duolingo', 'shii']","['duolingo', 'shii']"
You used up a freeze And my friend streak with,use freeze friend streak,negative,"['use', 'freeze', 'friend', 'streak']","['use', 'freeze', 'friend', 'streak']"
Hey After years and over days streak Im stopping using the app It has become unusable The latest update of energy is an abomination that punished free users for using the app even if they dont make a mistake this is not free learning,hey year day streak stop use app become unusable late update energy abomination punish free user use app even not not_make make mistake not not_free free learn,negative,"['hey', 'year', 'day', 'streak', 'stop', 'use', 'app', 'become', 'unusable', 'late', 'update', 'energy', 'abomination', 'punish', 'free', 'user', 'use', 'app', 'even', 'not', 'make', 'mistake', 'not', 'free', 'learn']","['hey', 'year', 'day', 'streak', 'stop', 'use', 'app', 'become', 'unusable', 'late', 'update', 'energy', 'abomination', 'punish', 'free', 'user', 'use', 'app', 'even', 'not', 'not_make', 'make', 'mistake', 'not', 'not_free', 'free', 'learn']"
Snapchat Duolingo Zoom and several major banking and gaming apps have been hit by a widespread outage linked to problems with Amazons internet services,snapchat duolingo zoom several major banking game apps hit widespread outage link problem amazon internet service,neutral,"['snapchat', 'duolingo', 'zoom', 'several', 'major', 'banking', 'game', 'apps', 'hit', 'widespread', 'outage', 'link', 'problem', 'amazon', 'internet', 'service']","['snapchat', 'duolingo', 'zoom', 'several', 'major', 'banking', 'game', 'apps', 'hit', 'widespread', 'outage', 'link', 'problem', 'amazon', 'internet', 'service']"
Major AWS outage Snapchat Fortnite Duolingo more down globally Affects critical cloud services in North Virginia,major aws outage snapchat fortnite duolingo more globally affect critical cloud service north virginia,neutral,"['major', 'aws', 'outage', 'snapchat', 'fortnite', 'duolingo', 'more', 'globally', 'affect', 'critical', 'cloud', 'service', 'north', 'virginia']","['major', 'aws', 'outage', 'snapchat', 'fortnite', 'duolingo', 'more', 'globally', 'affect', 'critical', 'cloud', 'service', 'north', 'virginia']"
Half the internet goes down after Amazon cloud outage via,half internet go amazon cloud outage via,neutral,"['half', 'internet', 'go', 'amazon', 'cloud', 'outage', 'via']","['half', 'internet', 'go', 'amazon', 'cloud', 'outage', 'via']"
And it pronounced which is similar to saying wow And it also means And as Duolingo told you,pronounce similar say wow also mean duolingo tell,neutral,"['pronounce', 'similar', 'say', 'wow', 'also', 'mean', 'duolingo', 'tell']","['pronounce', 'similar', 'say', 'wow', 'also', 'mean', 'duolingo', 'tell']"
Do you have your username handy Happy to take a look,username handy happy take look,positive,"['username', 'handy', 'happy', 'take', 'look']","['username', 'handy', 'happy', 'take', 'look']"
Okay phew,okay phew,neutral,"['okay', 'phew']","['okay', 'phew']"
When the Internet sneezes Today a series of the worlds leading applications such as Snapchat Roblox Fortnite Duolingo Canva simultaneously have access problems According to the DownDetector website the phenomenon started at about am in the UK,internet sneeze today series world lead application snapchat roblox fortnite duolingo canva simultaneously access problem accord downdetector website phenomenon start uk,neutral,"['internet', 'sneeze', 'today', 'series', 'world', 'lead', 'application', 'snapchat', 'roblox', 'fortnite', 'duolingo', 'canva', 'simultaneously', 'access', 'problem', 'accord', 'downdetector', 'website', 'phenomenon', 'start', 'uk']","['internet', 'sneeze', 'today', 'series', 'world', 'lead', 'application', 'snapchat', 'roblox', 'fortnite', 'duolingo', 'canva', 'simultaneously', 'access', 'problem', 'accord', 'downdetector', 'website', 'phenomenon', 'start', 'uk']"
I earned an achievement on Duolingo Its free fun and effective for learning languages,earn achievement duolingo free fun effective learn language,positive,"['earn', 'achievement', 'duolingo', 'free', 'fun', 'effective', 'learn', 'language']","['earn', 'achievement', 'duolingo', 'free', 'fun', 'effective', 'learn', 'language']"
If the AWS outage makes it so I have no way to extend my Duolingo streak I swear to God,aws outage make so no no_way way extend duolingo streak swear god,negative,"['aws', 'outage', 'make', 'so', 'no', 'way', 'extend', 'duolingo', 'streak', 'swear', 'god']","['aws', 'outage', 'make', 'so', 'no', 'no_way', 'way', 'extend', 'duolingo', 'streak', 'swear', 'god']"
It better be Kmt,well kmt,neutral,"['well', 'kmt']","['well', 'kmt']"
The market size is significant with Duolingo reporting M monthly active learners If even seek longform reading tools thats k potential users LingQs k paying subscribers at month show people are willing to pay for language learning tools,market size significant duolingo report monthly active learner even seek longform read tool thats potential user lingqs pay subscriber month show people will pay language learning tool,neutral,"['market', 'size', 'significant', 'duolingo', 'report', 'monthly', 'active', 'learner', 'even', 'seek', 'longform', 'read', 'tool', 'thats', 'potential', 'user', 'lingqs', 'pay', 'subscriber', 'month', 'show', 'people', 'will', 'pay', 'language', 'learning', 'tool']","['market', 'size', 'significant', 'duolingo', 'report', 'monthly', 'active', 'learner', 'even', 'seek', 'longform', 'read', 'tool', 'thats', 'potential', 'user', 'lingqs', 'pay', 'subscriber', 'month', 'show', 'people', 'will', 'pay', 'language', 'learning', 'tool']"
I completed the October challenge faster than of all learners on Duolingo,complete october challenge faster learner duolingo,positive,"['complete', 'october', 'challenge', 'faster', 'learner', 'duolingo']","['complete', 'october', 'challenge', 'faster', 'learner', 'duolingo']"
Stop giving me this advertisement I paid for no ads,stop give advertisement pay no no_ad ad,negative,"['stop', 'give', 'advertisement', 'pay', 'no', 'ad']","['stop', 'give', 'advertisement', 'pay', 'no', 'no_ad', 'ad']"
im learning spanish on duolingo so im not going to master it anytime soon lol i started on jan because my mexican friend said i have a good pronunciation and i sound like a native as for thai i really need to stick to one routine because there are too many things to learn,learn spanish duolingo so not not_go go master anytime soon laugh start jan mexican friend say good pronunciation sound like native thai really need stick one routine too many thing learn,positive,"['learn', 'spanish', 'duolingo', 'so', 'not', 'go', 'master', 'anytime', 'soon', 'laugh', 'start', 'jan', 'mexican', 'friend', 'say', 'good', 'pronunciation', 'sound', 'like', 'native', 'thai', 'really', 'need', 'stick', 'one', 'routine', 'too', 'many', 'thing', 'learn']","['learn', 'spanish', 'duolingo', 'so', 'not', 'not_go', 'go', 'master', 'anytime', 'soon', 'laugh', 'start', 'jan', 'mexican', 'friend', 'say', 'good', 'pronunciation', 'sound', 'like', 'native', 'thai', 'really', 'need', 'stick', 'one', 'routine', 'too', 'many', 'thing', 'learn']"
One AWS region faceplanted half the internet caught a cold USEAST wobbled hours after a DynamoDB DNS misfire and apps felt itZoom Roblox Snapchat Duolingo Canva VenmoCoinbase even some GoogleViber ties How can one region bend so much traffic,one aws region faceplanted half internet catch cold useast wobble hour dynamodb dns misfire apps felt itzoom roblox snapchat duolingo canva venmocoinbase even googleviber tie can one region bend so much traffic,neutral,"['one', 'aws', 'region', 'faceplanted', 'half', 'internet', 'catch', 'cold', 'useast', 'wobble', 'hour', 'dynamodb', 'dns', 'misfire', 'apps', 'felt', 'itzoom', 'roblox', 'snapchat', 'duolingo', 'canva', 'venmocoinbase', 'even', 'googleviber', 'tie', 'can', 'one', 'region', 'bend', 'so', 'much', 'traffic']","['one', 'aws', 'region', 'faceplanted', 'half', 'internet', 'catch', 'cold', 'useast', 'wobble', 'hour', 'dynamodb', 'dns', 'misfire', 'apps', 'felt', 'itzoom', 'roblox', 'snapchat', 'duolingo', 'canva', 'venmocoinbase', 'even', 'googleviber', 'tie', 'can', 'one', 'region', 'bend', 'so', 'much', 'traffic']"
Made it to what do I get,make get,neutral,"['make', 'get']","['make', 'get']"
AWS outage,aws outage,neutral,"['aws', 'outage']","['aws', 'outage']"
Duolingo has been on maintenance break since Morning Hmmm I hope this doesnt run till midnight and affect my streak,duolingo maintenance break since morning hmmm hope not not_run run till midnight affect streak,negative,"['duolingo', 'maintenance', 'break', 'since', 'morning', 'hmmm', 'hope', 'not', 'run', 'till', 'midnight', 'affect', 'streak']","['duolingo', 'maintenance', 'break', 'since', 'morning', 'hmmm', 'hope', 'not', 'not_run', 'run', 'till', 'midnight', 'affect', 'streak']"
Building the Verifiable Internet with zkTLS where your Web footprint becomes proof you control Imagine turning your Duolingo streaks Uber trips flight miles CEX data academic records and B web sources into verifiable portable credentials without revealing personal info Thats the future is architecting a trustless bridge between Web identity and Web privacy The age of provable reputation is here,build verifiable internet zktls web footprint become proof control imagine turn duolingo streak uber trip flight mile cex data academic record web source verifiable portable credential without reveal personal info thats future architecting trustless bridge web identity web privacy age provable reputation,positive,"['build', 'verifiable', 'internet', 'zktls', 'web', 'footprint', 'become', 'proof', 'control', 'imagine', 'turn', 'duolingo', 'streak', 'uber', 'trip', 'flight', 'mile', 'cex', 'data', 'academic', 'record', 'web', 'source', 'verifiable', 'portable', 'credential', 'without', 'reveal', 'personal', 'info', 'thats', 'future', 'architecting', 'trustless', 'bridge', 'web', 'identity', 'web', 'privacy', 'age', 'provable', 'reputation']","['build', 'verifiable', 'internet', 'zktls', 'web', 'footprint', 'become', 'proof', 'control', 'imagine', 'turn', 'duolingo', 'streak', 'uber', 'trip', 'flight', 'mile', 'cex', 'data', 'academic', 'record', 'web', 'source', 'verifiable', 'portable', 'credential', 'without', 'reveal', 'personal', 'info', 'thats', 'future', 'architecting', 'trustless', 'bridge', 'web', 'identity', 'web', 'privacy', 'age', 'provable', 'reputation']"
My Duolingo Spanish Score is,duolingo spanish score,neutral,"['duolingo', 'spanish', 'score']","['duolingo', 'spanish', 'score']"
Its a major AWS Amazon Web Services outage in the USEAST region causing high error rates and slowdowns for services like Snapchat Roblox Fortnite Duolingo Zoom Canva and even Amazons own Alexa and Ring Started this morning AWS is investigating and working on fixes X runs on its own infrastructure so were good,major aws amazon web service outage useast region cause high error rate slowdown service like snapchat roblox fortnite duolingo zoom canva even amazon alexa ring start morning aws investigate work fix run infrastructure so good,neutral,"['major', 'aws', 'amazon', 'web', 'service', 'outage', 'useast', 'region', 'cause', 'high', 'error', 'rate', 'slowdown', 'service', 'like', 'snapchat', 'roblox', 'fortnite', 'duolingo', 'zoom', 'canva', 'even', 'amazon', 'alexa', 'ring', 'start', 'morning', 'aws', 'investigate', 'work', 'fix', 'run', 'infrastructure', 'so', 'good']","['major', 'aws', 'amazon', 'web', 'service', 'outage', 'useast', 'region', 'cause', 'high', 'error', 'rate', 'slowdown', 'service', 'like', 'snapchat', 'roblox', 'fortnite', 'duolingo', 'zoom', 'canva', 'even', 'amazon', 'alexa', 'ring', 'start', 'morning', 'aws', 'investigate', 'work', 'fix', 'run', 'infrastructure', 'so', 'good']"
Microsoft Pro activate using your school email Google Workspace Premium available via Google for Education Duolingo Super some schools offer free access Headspace Calm Premium up to off for students Adobe Creative Cloud student teacher discount Notion AI free with the Education plan LinkedIn Premium student trial available,microsoft pro activate use school email google workspace premium available via google education duolingo super school offer free access headspace calm premium student adobe creative cloud student teacher discount notion ai free education plan linkedin premium student trial available,neutral,"['microsoft', 'pro', 'activate', 'use', 'school', 'email', 'google', 'workspace', 'premium', 'available', 'via', 'google', 'education', 'duolingo', 'super', 'school', 'offer', 'free', 'access', 'headspace', 'calm', 'premium', 'student', 'adobe', 'creative', 'cloud', 'student', 'teacher', 'discount', 'notion', 'ai', 'free', 'education', 'plan', 'linkedin', 'premium', 'student', 'trial', 'available']","['microsoft', 'pro', 'activate', 'use', 'school', 'email', 'google', 'workspace', 'premium', 'available', 'via', 'google', 'education', 'duolingo', 'super', 'school', 'offer', 'free', 'access', 'headspace', 'calm', 'premium', 'student', 'adobe', 'creative', 'cloud', 'student', 'teacher', 'discount', 'notion', 'ai', 'free', 'education', 'plan', 'linkedin', 'premium', 'student', 'trial', 'available']"
Four lastminute Halloween costumes to rep Duolingo,four lastminute halloween costume rep duolingo,neutral,"['four', 'lastminute', 'halloween', 'costume', 'rep', 'duolingo']","['four', 'lastminute', 'halloween', 'costume', 'rep', 'duolingo']"
The market still thinks that Duolingo is a languagelearning app Therein lies the opportunity,market still think duolingo languagelearning app therein lie opportunity,neutral,"['market', 'still', 'think', 'duolingo', 'languagelearning', 'app', 'therein', 'lie', 'opportunity']","['market', 'still', 'think', 'duolingo', 'languagelearning', 'app', 'therein', 'lie', 'opportunity']"
IF I LOSE MY STREAK istg,lose streak istg,negative,"['lose', 'streak', 'istg']","['lose', 'streak', 'istg']"
You dont even have a streak,not not_even even streak,neutral,"['not', 'even', 'streak']","['not', 'not_even', 'even', 'streak']"
Duolingo I better not loose my streak,duolingo well not not_loose loose streak,negative,"['duolingo', 'well', 'not', 'loose', 'streak']","['duolingo', 'well', 'not', 'not_loose', 'loose', 'streak']"
My streak is and I fear that I am being forced to abandon it,streak fear force abandon,negative,"['streak', 'fear', 'force', 'abandon']","['streak', 'fear', 'force', 'abandon']"
inspiring I thought recently about learning Chinese to go visit Shenzhen and see the hardware ecosystem there someday For now I have to keep up with the Duolingo lessons as intro to it and follow some Chinese ML and Robotics researchers on X,inspire think recently learn chinese go visit shenzhen see hardware ecosystem someday keep duolingo lesson intro follow chinese ml robotics researcher,positive,"['inspire', 'think', 'recently', 'learn', 'chinese', 'go', 'visit', 'shenzhen', 'see', 'hardware', 'ecosystem', 'someday', 'keep', 'duolingo', 'lesson', 'intro', 'follow', 'chinese', 'ml', 'robotics', 'researcher']","['inspire', 'think', 'recently', 'learn', 'chinese', 'go', 'visit', 'shenzhen', 'see', 'hardware', 'ecosystem', 'someday', 'keep', 'duolingo', 'lesson', 'intro', 'follow', 'chinese', 'ml', 'robotics', 'researcher']"
When will Duolingo launch an Icelandic course,will duolingo launch icelandic course,neutral,"['will', 'duolingo', 'launch', 'icelandic', 'course']","['will', 'duolingo', 'launch', 'icelandic', 'course']"
hes like years old leave the poor guy alone,like year old leave poor guy alone,neutral,"['like', 'year', 'old', 'leave', 'poor', 'guy', 'alone']","['like', 'year', 'old', 'leave', 'poor', 'guy', 'alone']"
Hundreds of websites including Snapchat Roblox Duolingo and Fortnite are DOWN Daily Mail,hundred website include snapchat roblox duolingo fortnite daily mail,neutral,"['hundred', 'website', 'include', 'snapchat', 'roblox', 'duolingo', 'fortnite', 'daily', 'mail']","['hundred', 'website', 'include', 'snapchat', 'roblox', 'duolingo', 'fortnite', 'daily', 'mail']"
ChatGPT Epic Games Store Airtable Canva McDonalds app WhatsApp Zoom Xbox Google YouTube Duolingo Ring Halifax Wordle Slack Pokmon Go PlayStation Network Peloton Apple Music Blink Delta FanDuel HBO Max Hinge,chatgpt epic game store airtable canva mcdonalds app whatsapp zoom xbox google youtube duolingo ring halifax wordle slack pokmon go playstation network peloton apple music blink delta fanduel hbo max hinge,neutral,"['chatgpt', 'epic', 'game', 'store', 'airtable', 'canva', 'mcdonalds', 'app', 'whatsapp', 'zoom', 'xbox', 'google', 'youtube', 'duolingo', 'ring', 'halifax', 'wordle', 'slack', 'pokmon', 'go', 'playstation', 'network', 'peloton', 'apple', 'music', 'blink', 'delta', 'fanduel', 'hbo', 'max', 'hinge']","['chatgpt', 'epic', 'game', 'store', 'airtable', 'canva', 'mcdonalds', 'app', 'whatsapp', 'zoom', 'xbox', 'google', 'youtube', 'duolingo', 'ring', 'halifax', 'wordle', 'slack', 'pokmon', 'go', 'playstation', 'network', 'peloton', 'apple', 'music', 'blink', 'delta', 'fanduel', 'hbo', 'max', 'hinge']"
duolingo what the fuck is wrong with you my five hundred and eighty eight days old streak is on stake here man not funny at all,duolingo fuck wrong five hundred eighty eight day old streak stake man not not_funny funny,negative,"['duolingo', 'fuck', 'wrong', 'five', 'hundred', 'eighty', 'eight', 'day', 'old', 'streak', 'stake', 'man', 'not', 'funny']","['duolingo', 'fuck', 'wrong', 'five', 'hundred', 'eighty', 'eight', 'day', 'old', 'streak', 'stake', 'man', 'not', 'not_funny', 'funny']"
Jack and PLEASE warn your audiences at the deliberate genderbending going on the app which is clearly targeting kids Overwhelming implications of homosexuality lesbianism and transgenderism Bob doesnt have a skirt etc,jack please warn audience deliberate genderbending go app clearly target kid overwhelm implication homosexuality lesbianism transgenderism bob not not_skirt skirt etc,negative,"['jack', 'please', 'warn', 'audience', 'deliberate', 'genderbending', 'go', 'app', 'clearly', 'target', 'kid', 'overwhelm', 'implication', 'homosexuality', 'lesbianism', 'transgenderism', 'bob', 'not', 'skirt', 'etc']","['jack', 'please', 'warn', 'audience', 'deliberate', 'genderbending', 'go', 'app', 'clearly', 'target', 'kid', 'overwhelm', 'implication', 'homosexuality', 'lesbianism', 'transgenderism', 'bob', 'not', 'not_skirt', 'skirt', 'etc']"
Revenge time Lets go and poke the bird Oscar Lily Junior and every single of them,revenge time let go poke bird oscar lily junior every single,neutral,"['revenge', 'time', 'let', 'go', 'poke', 'bird', 'oscar', 'lily', 'junior', 'every', 'single']","['revenge', 'time', 'let', 'go', 'poke', 'bird', 'oscar', 'lily', 'junior', 'every', 'single']"
not duolingo thailand too,not not_duolingo duolingo thailand too,negative,"['not', 'duolingo', 'thailand', 'too']","['not', 'not_duolingo', 'duolingo', 'thailand', 'too']"
halfway through a paid challenge gems mistake and I cant finish because I ran out of energy Scam Pure and simple Not a good time to come across as a greedy company read the room Despicable,halfway paid challenge gem mistake can not not_finish finish run energy scam pure simple not not_good good time come across greedy company read room despicable,negative,"['halfway', 'paid', 'challenge', 'gem', 'mistake', 'can', 'not', 'finish', 'run', 'energy', 'scam', 'pure', 'simple', 'not', 'good', 'time', 'come', 'across', 'greedy', 'company', 'read', 'room', 'despicable']","['halfway', 'paid', 'challenge', 'gem', 'mistake', 'can', 'not', 'not_finish', 'finish', 'run', 'energy', 'scam', 'pure', 'simple', 'not', 'not_good', 'good', 'time', 'come', 'across', 'greedy', 'company', 'read', 'room', 'despicable']"
I dont have an educated opinion on that I can merely tell you that Duolingo helped me with understanding radio and TV language and random Greek people but daytoday had nothing to do with that Indeed K with E or I sounds become djtsh funnily enough like Cefal on Sicily,not not_educate educate opinion can merely tell duolingo help understand radio tv language random greek people but daytoday nothing nothing_indeed indeed sound become djtsh funnily enough like cefal sicily,positive,"['not', 'educate', 'opinion', 'can', 'merely', 'tell', 'duolingo', 'help', 'understand', 'radio', 'tv', 'language', 'random', 'greek', 'people', 'but', 'daytoday', 'nothing', 'indeed', 'sound', 'become', 'djtsh', 'funnily', 'enough', 'like', 'cefal', 'sicily']","['not', 'not_educate', 'educate', 'opinion', 'can', 'merely', 'tell', 'duolingo', 'help', 'understand', 'radio', 'tv', 'language', 'random', 'greek', 'people', 'but', 'daytoday', 'nothing', 'nothing_indeed', 'indeed', 'sound', 'become', 'djtsh', 'funnily', 'enough', 'like', 'cefal', 'sicily']"
Glad I did a chess puzzle on Duolingo this morning around am Id be pissed if I lost my day streak due to an outage,glad chess puzzle duolingo morning around would piss lose day streak due outage,neutral,"['glad', 'chess', 'puzzle', 'duolingo', 'morning', 'around', 'would', 'piss', 'lose', 'day', 'streak', 'due', 'outage']","['glad', 'chess', 'puzzle', 'duolingo', 'morning', 'around', 'would', 'piss', 'lose', 'day', 'streak', 'due', 'outage']"
Duolingo used to be so proud of their mission to make learning free and fun and now they outright FORCE you to pay if you want to be able to learn with them They got zero dignity What a joke,duolingo use so proud mission make learn free fun outright force pay want able learn get zero dignity joke,negative,"['duolingo', 'use', 'so', 'proud', 'mission', 'make', 'learn', 'free', 'fun', 'outright', 'force', 'pay', 'want', 'able', 'learn', 'get', 'zero', 'dignity', 'joke']","['duolingo', 'use', 'so', 'proud', 'mission', 'make', 'learn', 'free', 'fun', 'outright', 'force', 'pay', 'want', 'able', 'learn', 'get', 'zero', 'dignity', 'joke']"
Ahh technology Its great when it works and its an absolute shit show when it doesnt I feel sorry for all the social media teams of the apps affected by the AWS outage Its not their fault but theyre copping the heat I just dont want to lose my Duolingo streak LOL,ahh technology great work absolute shit show not not_feel feel sorry social medium team apps affect aws outage not not_fault fault but theyre cop heat just not not_want want lose duolingo streak laugh,negative,"['ahh', 'technology', 'great', 'work', 'absolute', 'shit', 'show', 'not', 'feel', 'sorry', 'social', 'medium', 'team', 'apps', 'affect', 'aws', 'outage', 'not', 'fault', 'but', 'theyre', 'cop', 'heat', 'just', 'not', 'want', 'lose', 'duolingo', 'streak', 'laugh']","['ahh', 'technology', 'great', 'work', 'absolute', 'shit', 'show', 'not', 'not_feel', 'feel', 'sorry', 'social', 'medium', 'team', 'apps', 'affect', 'aws', 'outage', 'not', 'not_fault', 'fault', 'but', 'theyre', 'cop', 'heat', 'just', 'not', 'not_want', 'want', 'lose', 'duolingo', 'streak', 'laugh']"
Bro just accept you fell off,bro just accept fell,negative,"['bro', 'just', 'accept', 'fell']","['bro', 'just', 'accept', 'fell']"
Duolingo rams sentences and vocabulary at you without any explanation of grammar structure It is useful to learn vocabulary and as an excuse to consistently interact with the language but most of the use Ive gotten out of it was due to having preexisting knowledge,duolingo ram sentence vocabulary without explanation grammar structure useful learn vocabulary excuse consistently interact language but most use get due preexist knowledge,neutral,"['duolingo', 'ram', 'sentence', 'vocabulary', 'without', 'explanation', 'grammar', 'structure', 'useful', 'learn', 'vocabulary', 'excuse', 'consistently', 'interact', 'language', 'but', 'most', 'use', 'get', 'due', 'preexist', 'knowledge']","['duolingo', 'ram', 'sentence', 'vocabulary', 'without', 'explanation', 'grammar', 'structure', 'useful', 'learn', 'vocabulary', 'excuse', 'consistently', 'interact', 'language', 'but', 'most', 'use', 'get', 'due', 'preexist', 'knowledge']"
Hey lets be mutuals on Duolingo too Add me illanabeatriz,hey let mutuals duolingo too add illanabeatriz,positive,"['hey', 'let', 'mutuals', 'duolingo', 'too', 'add', 'illanabeatriz']","['hey', 'let', 'mutuals', 'duolingo', 'too', 'add', 'illanabeatriz']"
The services disrupted include several popular websites and apps including Fortnite Snapchat and Duolingo Incase your Snapchat is glitching Do not log out else you would loose your Account,service disrupt include several popular website apps include fortnite snapchat duolingo incase snapchat glitching not not_log log else would loose account,neutral,"['service', 'disrupt', 'include', 'several', 'popular', 'website', 'apps', 'include', 'fortnite', 'snapchat', 'duolingo', 'incase', 'snapchat', 'glitching', 'not', 'log', 'else', 'would', 'loose', 'account']","['service', 'disrupt', 'include', 'several', 'popular', 'website', 'apps', 'include', 'fortnite', 'snapchat', 'duolingo', 'incase', 'snapchat', 'glitching', 'not', 'not_log', 'log', 'else', 'would', 'loose', 'account']"
I urgently need help I redeemed Duolingo Plus via LinkedIn but Im locked out because my Google and LinkedIn use the same email burhansheikcom No reply from support and my trial ends soon Please fix before Im billed,urgently need help redeem duolingo plus via linkedin but lock google linkedin use email burhansheikcom no no_reply reply support trial end soon please fix bill,negative,"['urgently', 'need', 'help', 'redeem', 'duolingo', 'plus', 'via', 'linkedin', 'but', 'lock', 'google', 'linkedin', 'use', 'email', 'burhansheikcom', 'no', 'reply', 'support', 'trial', 'end', 'soon', 'please', 'fix', 'bill']","['urgently', 'need', 'help', 'redeem', 'duolingo', 'plus', 'via', 'linkedin', 'but', 'lock', 'google', 'linkedin', 'use', 'email', 'burhansheikcom', 'no', 'no_reply', 'reply', 'support', 'trial', 'end', 'soon', 'please', 'fix', 'bill']"
Does DuoLingo offer courses in Ebonics and Pidgin Asking for a friend,duolingo offer course ebonics pidgin ask friend,neutral,"['duolingo', 'offer', 'course', 'ebonics', 'pidgin', 'ask', 'friend']","['duolingo', 'offer', 'course', 'ebonics', 'pidgin', 'ask', 'friend']"
What have you been learning from Duolingo,learn duolingo,neutral,"['learn', 'duolingo']","['learn', 'duolingo']"
I just signed up for Duolingo I want to improve my productivity I get scared of English while in school Now let me learn further to improve my productivity,just sign duolingo want improve productivity get scar english school let learn far improve productivity,positive,"['just', 'sign', 'duolingo', 'want', 'improve', 'productivity', 'get', 'scar', 'english', 'school', 'let', 'learn', 'far', 'improve', 'productivity']","['just', 'sign', 'duolingo', 'want', 'improve', 'productivity', 'get', 'scar', 'english', 'school', 'let', 'learn', 'far', 'improve', 'productivity']"
I finished the October quest days ago now its telling me I have quests to go,finish october quest day ago tell quest go,negative,"['finish', 'october', 'quest', 'day', 'ago', 'tell', 'quest', 'go']","['finish', 'october', 'quest', 'day', 'ago', 'tell', 'quest', 'go']"
Coinbase Snapchat Roblox Canva and Duolingo are facing outages amid an ongoing AWS issue,coinbase snapchat roblox canva duolingo face outage amid ongoing aws issue,neutral,"['coinbase', 'snapchat', 'roblox', 'canva', 'duolingo', 'face', 'outage', 'amid', 'ongoing', 'aws', 'issue']","['coinbase', 'snapchat', 'roblox', 'canva', 'duolingo', 'face', 'outage', 'amid', 'ongoing', 'aws', 'issue']"
Snapchat Zoom Roblox Clash Royale MyFitnessPal Life Clash of Clans Fortnite Canva Wordle Signal Coinbase Duolingo Slack Smartsheet Pokmon Go Epic Games PlayStation Network Peloton Rocket League etc are down Bank outages reports cards being declined,snapchat zoom roblox clash royale myfitnesspal life clash clan fortnite canva wordle signal coinbase duolingo slack smartsheet pokmon go epic game playstation network peloton rocket league etc bank outage report card decline,neutral,"['snapchat', 'zoom', 'roblox', 'clash', 'royale', 'myfitnesspal', 'life', 'clash', 'clan', 'fortnite', 'canva', 'wordle', 'signal', 'coinbase', 'duolingo', 'slack', 'smartsheet', 'pokmon', 'go', 'epic', 'game', 'playstation', 'network', 'peloton', 'rocket', 'league', 'etc', 'bank', 'outage', 'report', 'card', 'decline']","['snapchat', 'zoom', 'roblox', 'clash', 'royale', 'myfitnesspal', 'life', 'clash', 'clan', 'fortnite', 'canva', 'wordle', 'signal', 'coinbase', 'duolingo', 'slack', 'smartsheet', 'pokmon', 'go', 'epic', 'game', 'playstation', 'network', 'peloton', 'rocket', 'league', 'etc', 'bank', 'outage', 'report', 'card', 'decline']"
Actually despite these two who made stupid comments that character is completely gay and super lazy That is the acknowledgment they want to protect You should show some gay situations but Duolingo has a lot of,actually despite two make stupid comment character completely gay super lazy acknowledgment want protect should show gay situation but duolingo lot,negative,"['actually', 'despite', 'two', 'make', 'stupid', 'comment', 'character', 'completely', 'gay', 'super', 'lazy', 'acknowledgment', 'want', 'protect', 'should', 'show', 'gay', 'situation', 'but', 'duolingo', 'lot']","['actually', 'despite', 'two', 'make', 'stupid', 'comment', 'character', 'completely', 'gay', 'super', 'lazy', 'acknowledgment', 'want', 'protect', 'should', 'show', 'gay', 'situation', 'but', 'duolingo', 'lot']"
Massive outage chaos Coinbase Snapchat Roblox Canva and Duolingo are all down amid another major AWS meltdown Users are fuming while Coinbase scrambles to restore access insisting funds are safe Trust still intact or not,massive outage chaos coinbase snapchat roblox canva duolingo amid another major aws meltdown user fume coinbase scramble restore access insist fund safe trust still intact not,negative,"['massive', 'outage', 'chaos', 'coinbase', 'snapchat', 'roblox', 'canva', 'duolingo', 'amid', 'another', 'major', 'aws', 'meltdown', 'user', 'fume', 'coinbase', 'scramble', 'restore', 'access', 'insist', 'fund', 'safe', 'trust', 'still', 'intact', 'not']","['massive', 'outage', 'chaos', 'coinbase', 'snapchat', 'roblox', 'canva', 'duolingo', 'amid', 'another', 'major', 'aws', 'meltdown', 'user', 'fume', 'coinbase', 'scramble', 'restore', 'access', 'insist', 'fund', 'safe', 'trust', 'still', 'intact', 'not']"
my account said there is maintenance but my friends dont have this problem What could it be And as long as I dont lost my streak its okay I already tried update close it restart the phone and all,account say maintenance but friend not not_problem problem could long not not_lose lose streak okay already try update close restart phone,neutral,"['account', 'say', 'maintenance', 'but', 'friend', 'not', 'problem', 'could', 'long', 'not', 'lose', 'streak', 'okay', 'already', 'try', 'update', 'close', 'restart', 'phone']","['account', 'say', 'maintenance', 'but', 'friend', 'not', 'not_problem', 'problem', 'could', 'long', 'not', 'not_lose', 'lose', 'streak', 'okay', 'already', 'try', 'update', 'close', 'restart', 'phone']"
Definitely not I have a bit of vocab but the grammer is mysterious Dutch sucks,definitely not not_bit bit vocab but grammer mysterious dutch suck,negative,"['definitely', 'not', 'bit', 'vocab', 'but', 'grammer', 'mysterious', 'dutch', 'suck']","['definitely', 'not', 'not_bit', 'bit', 'vocab', 'but', 'grammer', 'mysterious', 'dutch', 'suck']"
Internet Chaos Massive AWS outage crashes Snapchat Fortnite Roblox more millions offline worldwide From Alexa to Duolingo half the web down Cyberattack Glitch AWS fixing it but how vulnerable are we Your app hit Rage or relief Spill,internet chaos massive aws outage crash snapchat fortnite roblox more million offline worldwide alexa duolingo half web cyberattack glitch aws fix but vulnerable app hit rage relief spill,neutral,"['internet', 'chaos', 'massive', 'aws', 'outage', 'crash', 'snapchat', 'fortnite', 'roblox', 'more', 'million', 'offline', 'worldwide', 'alexa', 'duolingo', 'half', 'web', 'cyberattack', 'glitch', 'aws', 'fix', 'but', 'vulnerable', 'app', 'hit', 'rage', 'relief', 'spill']","['internet', 'chaos', 'massive', 'aws', 'outage', 'crash', 'snapchat', 'fortnite', 'roblox', 'more', 'million', 'offline', 'worldwide', 'alexa', 'duolingo', 'half', 'web', 'cyberattack', 'glitch', 'aws', 'fix', 'but', 'vulnerable', 'app', 'hit', 'rage', 'relief', 'spill']"
I dont think Ive ever been more glad to see that flame lit,not not_think think ever more glad see flame light,positive,"['not', 'think', 'ever', 'more', 'glad', 'see', 'flame', 'light']","['not', 'not_think', 'think', 'ever', 'more', 'glad', 'see', 'flame', 'light']"
List of things the AWS outage has affected for me Dead By Daylight is down Snapchat is down Duolingo is down Supposedly Roblox and Fortnite are down but I havent checked Roblox and Fort worked fine for me List of things my own stupidity affected today Deleted all my inprogress premiere pro files List of things I decided to do instead of the above Make a meme post about my skeleton friend Plug a peak video I was part of a few Halloweens ago Moral of the story Dont rely on technology Just adapt an it is what it is attitude and keep chilling in all that you do,list thing aws outage affect dead daylight snapchat duolingo supposedly roblox fortnite but not not_check check roblox fort work fine list thing stupidity affect today delete inprogress premiere pro file list thing decide instead make meme post skeleton friend plug peak video part halloween ago moral story not not_rely rely technology just adapt attitude keep chill,neutral,"['list', 'thing', 'aws', 'outage', 'affect', 'dead', 'daylight', 'snapchat', 'duolingo', 'supposedly', 'roblox', 'fortnite', 'but', 'not', 'check', 'roblox', 'fort', 'work', 'fine', 'list', 'thing', 'stupidity', 'affect', 'today', 'delete', 'inprogress', 'premiere', 'pro', 'file', 'list', 'thing', 'decide', 'instead', 'make', 'meme', 'post', 'skeleton', 'friend', 'plug', 'peak', 'video', 'part', 'halloween', 'ago', 'moral', 'story', 'not', 'rely', 'technology', 'just', 'adapt', 'attitude', 'keep', 'chill']","['list', 'thing', 'aws', 'outage', 'affect', 'dead', 'daylight', 'snapchat', 'duolingo', 'supposedly', 'roblox', 'fortnite', 'but', 'not', 'not_check', 'check', 'roblox', 'fort', 'work', 'fine', 'list', 'thing', 'stupidity', 'affect', 'today', 'delete', 'inprogress', 'premiere', 'pro', 'file', 'list', 'thing', 'decide', 'instead', 'make', 'meme', 'post', 'skeleton', 'friend', 'plug', 'peak', 'video', 'part', 'halloween', 'ago', 'moral', 'story', 'not', 'not_rely', 'rely', 'technology', 'just', 'adapt', 'attitude', 'keep', 'chill']"
My Duolingo German Score is,duolingo german score,neutral,"['duolingo', 'german', 'score']","['duolingo', 'german', 'score']"
Im not breaking my Duolingo streak because of you,not not_break break duolingo streak,negative,"['not', 'break', 'duolingo', 'streak']","['not', 'not_break', 'break', 'duolingo', 'streak']"
Based on reports from Downdetector Reuters CNN and other sources the major AWS outage on October disrupted services including Snapchat Reddit Roblox Fortnite Disney Duolingo McDonalds app Ring Lyft major banks airlines eg Delta United and telecoms like ATT TMobile Verizon X remained operational,base report downdetector reuters cnn source major aws outage october disrupt service include snapchat reddit roblox fortnite disney duolingo mcdonalds app ring lyft major bank airline eg delta united telecom like att tmobile verizon remain operational,neutral,"['base', 'report', 'downdetector', 'reuters', 'cnn', 'source', 'major', 'aws', 'outage', 'october', 'disrupt', 'service', 'include', 'snapchat', 'reddit', 'roblox', 'fortnite', 'disney', 'duolingo', 'mcdonalds', 'app', 'ring', 'lyft', 'major', 'bank', 'airline', 'eg', 'delta', 'united', 'telecom', 'like', 'att', 'tmobile', 'verizon', 'remain', 'operational']","['base', 'report', 'downdetector', 'reuters', 'cnn', 'source', 'major', 'aws', 'outage', 'october', 'disrupt', 'service', 'include', 'snapchat', 'reddit', 'roblox', 'fortnite', 'disney', 'duolingo', 'mcdonalds', 'app', 'ring', 'lyft', 'major', 'bank', 'airline', 'eg', 'delta', 'united', 'telecom', 'like', 'att', 'tmobile', 'verizon', 'remain', 'operational']"
Social Media Communication Snapchat Signal Gaming Fortnite Roblox Clash of Clans Pokmon GO Rainbow Six Siege PUBG Battlegrounds PlayStation Network Productivity Finance Canva Perplexity AI Duolingo Venmo Coinbase Asana Slack Grammarly,social medium communication snapchat signal gaming fortnite roblox clash clan pokmon go rainbow six siege pubg battlegrounds playstation network productivity finance canva perplexity ai duolingo venmo coinbase asana slack grammarly,neutral,"['social', 'medium', 'communication', 'snapchat', 'signal', 'gaming', 'fortnite', 'roblox', 'clash', 'clan', 'pokmon', 'go', 'rainbow', 'six', 'siege', 'pubg', 'battlegrounds', 'playstation', 'network', 'productivity', 'finance', 'canva', 'perplexity', 'ai', 'duolingo', 'venmo', 'coinbase', 'asana', 'slack', 'grammarly']","['social', 'medium', 'communication', 'snapchat', 'signal', 'gaming', 'fortnite', 'roblox', 'clash', 'clan', 'pokmon', 'go', 'rainbow', 'six', 'siege', 'pubg', 'battlegrounds', 'playstation', 'network', 'productivity', 'finance', 'canva', 'perplexity', 'ai', 'duolingo', 'venmo', 'coinbase', 'asana', 'slack', 'grammarly']"
you can JUST build an AI language learning app and make practice pronunciation with AI add pokemon style mascots duolingo is getting HATE for AI make it your viral feature what are you waiting for,can just build ai language learn app make practice pronunciation ai add pokemon style mascot duolingo get hate ai make viral feature wait,neutral,"['can', 'just', 'build', 'ai', 'language', 'learn', 'app', 'make', 'practice', 'pronunciation', 'ai', 'add', 'pokemon', 'style', 'mascot', 'duolingo', 'get', 'hate', 'ai', 'make', 'viral', 'feature', 'wait']","['can', 'just', 'build', 'ai', 'language', 'learn', 'app', 'make', 'practice', 'pronunciation', 'ai', 'add', 'pokemon', 'style', 'mascot', 'duolingo', 'get', 'hate', 'ai', 'make', 'viral', 'feature', 'wait']"
But are any of my moots German Cause Im learning German atm Imma see if Duolingo also has Dutch since its easy,but moots german learn german atm go see duolingo also dutch since easy,positive,"['but', 'moots', 'german', 'learn', 'german', 'atm', 'go', 'see', 'duolingo', 'also', 'dutch', 'since', 'easy']","['but', 'moots', 'german', 'learn', 'german', 'atm', 'go', 'see', 'duolingo', 'also', 'dutch', 'since', 'easy']"
Getting that Duolingo bird to shut right tf up,get duolingo bird shut right tf,negative,"['get', 'duolingo', 'bird', 'shut', 'right', 'tf']","['get', 'duolingo', 'bird', 'shut', 'right', 'tf']"
thats all i got still at section in Duolingo,thats get still section duolingo,neutral,"['thats', 'get', 'still', 'section', 'duolingo']","['thats', 'get', 'still', 'section', 'duolingo']"
I cant believe it guyyy Days of freeze streak and all,can not not_believe believe guyyy day freeze streak,neutral,"['can', 'not', 'believe', 'guyyy', 'day', 'freeze', 'streak']","['can', 'not', 'not_believe', 'believe', 'guyyy', 'day', 'freeze', 'streak']"
When AWS sneezes the internet catches a cold Today some of the worlds biggest platforms went dark or slowed to a crawl Fortnite Roblox Snapchat Reddit Coinbase Robinhood Venmo Chime Lyft Duolingo Amazon Prime Video Alexa Ring Airtable Canva Zapier McDonalds app and plenty more Billions of dollars of services all dependent on someone elses server farm One system didnt go down It didnt even flinch It kept producing blocks verifying transactions and securing wealth globally without a CEO a data center or a single point of failure That system is Bitcoin Always on Always global Always independent,aws sneeze internet catch cold today world big platform go dark slow crawl fortnite roblox snapchat reddit coinbase robinhood venmo chime lyft duolingo amazon prime video alexa ring airtable canva zapier mcdonalds app plenty more billion dollar service dependent someone elses server farm one system not not_go go not not_even even flinch keep produce block verify transaction secure wealth globally without ceo data center single point failure system bitcoin always always global always independent,neutral,"['aws', 'sneeze', 'internet', 'catch', 'cold', 'today', 'world', 'big', 'platform', 'go', 'dark', 'slow', 'crawl', 'fortnite', 'roblox', 'snapchat', 'reddit', 'coinbase', 'robinhood', 'venmo', 'chime', 'lyft', 'duolingo', 'amazon', 'prime', 'video', 'alexa', 'ring', 'airtable', 'canva', 'zapier', 'mcdonalds', 'app', 'plenty', 'more', 'billion', 'dollar', 'service', 'dependent', 'someone', 'elses', 'server', 'farm', 'one', 'system', 'not', 'go', 'not', 'even', 'flinch', 'keep', 'produce', 'block', 'verify', 'transaction', 'secure', 'wealth', 'globally', 'without', 'ceo', 'data', 'center', 'single', 'point', 'failure', 'system', 'bitcoin', 'always', 'always', 'global', 'always', 'independent']","['aws', 'sneeze', 'internet', 'catch', 'cold', 'today', 'world', 'big', 'platform', 'go', 'dark', 'slow', 'crawl', 'fortnite', 'roblox', 'snapchat', 'reddit', 'coinbase', 'robinhood', 'venmo', 'chime', 'lyft', 'duolingo', 'amazon', 'prime', 'video', 'alexa', 'ring', 'airtable', 'canva', 'zapier', 'mcdonalds', 'app', 'plenty', 'more', 'billion', 'dollar', 'service', 'dependent', 'someone', 'elses', 'server', 'farm', 'one', 'system', 'not', 'not_go', 'go', 'not', 'not_even', 'even', 'flinch', 'keep', 'produce', 'block', 'verify', 'transaction', 'secure', 'wealth', 'globally', 'without', 'ceo', 'data', 'center', 'single', 'point', 'failure', 'system', 'bitcoin', 'always', 'always', 'global', 'always', 'independent']"
made me use a freeze because I was stopped from doing lessons maintenance TT,make use freeze stop lesson maintenance tt,negative,"['make', 'use', 'freeze', 'stop', 'lesson', 'maintenance', 'tt']","['make', 'use', 'freeze', 'stop', 'lesson', 'maintenance', 'tt']"
WEB VS WEB OR THE REHEARSAL FOR THE END OF THE INTERNET major sites went down after an AWS outage McDonalds Zoom Duolingo even government portals One data center offline half the world stops Centralized Web is fragile Web is the network that never sleeps,web web rehearsal end internet major site go aws outage mcdonalds zoom duolingo even government portal one data center offline half world stop centralize web fragile web network never never_sleep sleep,neutral,"['web', 'web', 'rehearsal', 'end', 'internet', 'major', 'site', 'go', 'aws', 'outage', 'mcdonalds', 'zoom', 'duolingo', 'even', 'government', 'portal', 'one', 'data', 'center', 'offline', 'half', 'world', 'stop', 'centralize', 'web', 'fragile', 'web', 'network', 'never', 'sleep']","['web', 'web', 'rehearsal', 'end', 'internet', 'major', 'site', 'go', 'aws', 'outage', 'mcdonalds', 'zoom', 'duolingo', 'even', 'government', 'portal', 'one', 'data', 'center', 'offline', 'half', 'world', 'stop', 'centralize', 'web', 'fragile', 'web', 'network', 'never', 'never_sleep', 'sleep']"
This is the end Duolingo Anime Episode,end duolingo anime episode,neutral,"['end', 'duolingo', 'anime', 'episode']","['end', 'duolingo', 'anime', 'episode']"
you had the maintenance break coz of the Amazon issue I didnt miss a day,maintenance break coz amazon issue not not_miss miss day,neutral,"['maintenance', 'break', 'coz', 'amazon', 'issue', 'not', 'miss', 'day']","['maintenance', 'break', 'coz', 'amazon', 'issue', 'not', 'not_miss', 'miss', 'day']"
canva down duolingo down,canva duolingo,negative,"['canva', 'duolingo']","['canva', 'duolingo']"
The lion should download duolingo tho,lion should download duolingo though,neutral,"['lion', 'should', 'download', 'duolingo', 'though']","['lion', 'should', 'download', 'duolingo', 'though']"
yo everyone is duolingodown,yo everyone duolingodown,negative,"['yo', 'everyone', 'duolingodown']","['yo', 'everyone', 'duolingodown']"
Amazon Web Services AWS the cloud computing arm of tech giant Amazon experienced a major outage on the th impacting numerous websites and apps including Snapchat Duolingo and Disney AWS later stated that most services had been restored but some outages were still ongoing as of the evening of the th Technology experts noted that the incident highlighted the vulnerability of companies to such outages,amazon web service aws cloud compute arm tech giant amazon experience major outage th impact numerous website apps include snapchat duolingo disney aws later state most service restore but outage still ongoing evening th technology expert note incident highlight vulnerability company outage,neutral,"['amazon', 'web', 'service', 'aws', 'cloud', 'compute', 'arm', 'tech', 'giant', 'amazon', 'experience', 'major', 'outage', 'th', 'impact', 'numerous', 'website', 'apps', 'include', 'snapchat', 'duolingo', 'disney', 'aws', 'later', 'state', 'most', 'service', 'restore', 'but', 'outage', 'still', 'ongoing', 'evening', 'th', 'technology', 'expert', 'note', 'incident', 'highlight', 'vulnerability', 'company', 'outage']","['amazon', 'web', 'service', 'aws', 'cloud', 'compute', 'arm', 'tech', 'giant', 'amazon', 'experience', 'major', 'outage', 'th', 'impact', 'numerous', 'website', 'apps', 'include', 'snapchat', 'duolingo', 'disney', 'aws', 'later', 'state', 'most', 'service', 'restore', 'but', 'outage', 'still', 'ongoing', 'evening', 'th', 'technology', 'expert', 'note', 'incident', 'highlight', 'vulnerability', 'company', 'outage']"
Thanks because I would cry,thanks would cry,positive,"['thanks', 'would', 'cry']","['thanks', 'would', 'cry']"
MAJOR INTERNET OUTAGE It really wouldnt surprise me if these outages were part of a globalist ploy to push Digital ID Digital ID solves this waffle waffle Weird because everything worked just fine until you started pushing this agenda,major internet outage really would not not_surprise surprise outage part globalist ploy push digital would digital would solve waffle waffle weird everything work just fine start push agenda,neutral,"['major', 'internet', 'outage', 'really', 'would', 'not', 'surprise', 'outage', 'part', 'globalist', 'ploy', 'push', 'digital', 'would', 'digital', 'would', 'solve', 'waffle', 'waffle', 'weird', 'everything', 'work', 'just', 'fine', 'start', 'push', 'agenda']","['major', 'internet', 'outage', 'really', 'would', 'not', 'not_surprise', 'surprise', 'outage', 'part', 'globalist', 'ploy', 'push', 'digital', 'would', 'digital', 'would', 'solve', 'waffle', 'waffle', 'weird', 'everything', 'work', 'just', 'fine', 'start', 'push', 'agenda']"
You know it,know,neutral,['know'],['know']
Is running on AWS,run aws,neutral,"['run', 'aws']","['run', 'aws']"
wtf is wrong with duolingo am I losing a streak,fuck wrong duolingo lose streak,negative,"['fuck', 'wrong', 'duolingo', 'lose', 'streak']","['fuck', 'wrong', 'duolingo', 'lose', 'streak']"
YEARLY PREMIUM SUBSCRIPTION TO DUOLINGO,yearly premium subscription duolingo,neutral,"['yearly', 'premium', 'subscription', 'duolingo']","['yearly', 'premium', 'subscription', 'duolingo']"
Why are you so annoying,so annoy,negative,"['so', 'annoy']","['so', 'annoy']"
Maybe if you replied Id actually do my Spanish lessons Just sayin,maybe reply would actually spanish lesson just sayin,negative,"['maybe', 'reply', 'would', 'actually', 'spanish', 'lesson', 'just', 'sayin']","['maybe', 'reply', 'would', 'actually', 'spanish', 'lesson', 'just', 'sayin']"
Yall got months to learn Spanish Better open that Duolingo,get month learn spanish good open duolingo,neutral,"['get', 'month', 'learn', 'spanish', 'good', 'open', 'duolingo']","['get', 'month', 'learn', 'spanish', 'good', 'open', 'duolingo']"
Duolingo is also down,duolingo also,negative,"['duolingo', 'also']","['duolingo', 'also']"
Duolingo is the way gurll,duolingo way gurll,positive,"['duolingo', 'way', 'gurll']","['duolingo', 'way', 'gurll']"
Doing Norwegian on duolingo and what Ive learned so far is that you can put any consonant before a j to make the same sh sound Tj sj kj they all sound exactly the same,norwegian duolingo learn so far can put consonant make sh sound tj sj kj sound exactly,neutral,"['norwegian', 'duolingo', 'learn', 'so', 'far', 'can', 'put', 'consonant', 'make', 'sh', 'sound', 'tj', 'sj', 'kj', 'sound', 'exactly']","['norwegian', 'duolingo', 'learn', 'so', 'far', 'can', 'put', 'consonant', 'make', 'sh', 'sound', 'tj', 'sj', 'kj', 'sound', 'exactly']"
Lowkey multi cloud redundancy is the only flex that matters when AWS decides to take a nap,lowkey multi cloud redundancy only flex matter aws decide take nap,neutral,"['lowkey', 'multi', 'cloud', 'redundancy', 'only', 'flex', 'matter', 'aws', 'decide', 'take', 'nap']","['lowkey', 'multi', 'cloud', 'redundancy', 'only', 'flex', 'matter', 'aws', 'decide', 'take', 'nap']"
Get back to animal crossing kiddo the adults are talking,get back animal cross kiddo adult talk,negative,"['get', 'back', 'animal', 'cross', 'kiddo', 'adult', 'talk']","['get', 'back', 'animal', 'cross', 'kiddo', 'adult', 'talk']"
duolingo is starting to piss me off,duolingo start piss,negative,"['duolingo', 'start', 'piss']","['duolingo', 'start', 'piss']"
News sites are source of information just like Duolingo is a source for learning a language,news site source information just like duolingo source learn language,neutral,"['news', 'site', 'source', 'information', 'just', 'like', 'duolingo', 'source', 'learn', 'language']","['news', 'site', 'source', 'information', 'just', 'like', 'duolingo', 'source', 'learn', 'language']"
hellaur preply shading duolingo okae marketing,hellaur preply shade duolingo okae marketing,neutral,"['hellaur', 'preply', 'shade', 'duolingo', 'okae', 'marketing']","['hellaur', 'preply', 'shade', 'duolingo', 'okae', 'marketing']"
Not my duolingo,not not_duolingo duolingo,negative,"['not', 'duolingo']","['not', 'not_duolingo', 'duolingo']"
The and the statistics ngl Day Streak is going to give me more anxiety than Duolingo,statistic ngl day streak go give more anxiety duolingo,negative,"['statistic', 'ngl', 'day', 'streak', 'go', 'give', 'more', 'anxiety', 'duolingo']","['statistic', 'ngl', 'day', 'streak', 'go', 'give', 'more', 'anxiety', 'duolingo']"
RABU SERUUUU ORDER WA YAAA WTB JUAL NETFLIX VIU YOUTUBE PICSART PRIME APPLE MUSIC APPMUS CAPCUT VIDIO WETV VISION LOKLOK ZOOM VPN YOUKU CATCHPLAY GRAMMARLY SCRIBD MICROSOFT VPN ZOOM DUOLINGO DEEPL IVSISBSOSK,rabu seruuuu order wa yaaa wtb jual netflix viu youtube picsart prime apple music appmus capcut vidio wetv vision loklok zoom vpn youku catchplay grammarly scribd microsoft vpn zoom duolingo deepl ivsisbsosk,neutral,"['rabu', 'seruuuu', 'order', 'wa', 'yaaa', 'wtb', 'jual', 'netflix', 'viu', 'youtube', 'picsart', 'prime', 'apple', 'music', 'appmus', 'capcut', 'vidio', 'wetv', 'vision', 'loklok', 'zoom', 'vpn', 'youku', 'catchplay', 'grammarly', 'scribd', 'microsoft', 'vpn', 'zoom', 'duolingo', 'deepl', 'ivsisbsosk']","['rabu', 'seruuuu', 'order', 'wa', 'yaaa', 'wtb', 'jual', 'netflix', 'viu', 'youtube', 'picsart', 'prime', 'apple', 'music', 'appmus', 'capcut', 'vidio', 'wetv', 'vision', 'loklok', 'zoom', 'vpn', 'youku', 'catchplay', 'grammarly', 'scribd', 'microsoft', 'vpn', 'zoom', 'duolingo', 'deepl', 'ivsisbsosk']"
Want to end my Duolingo streak myself before I lose it I can smell the loss anytime soon,want end duolingo streak lose can smell loss anytime soon,negative,"['want', 'end', 'duolingo', 'streak', 'lose', 'can', 'smell', 'loss', 'anytime', 'soon']","['want', 'end', 'duolingo', 'streak', 'lose', 'can', 'smell', 'loss', 'anytime', 'soon']"
ZOOM HBO APPMUS YOUKU OLDROLL GETCONTACT QUILLBOT CAPCUT YOUTUBE WETV BSTATION PRIME VIU VISION APPMUS IQIYI GAGAOOLALA DAZZCAM LOKLOK CANVA SCRIBD CHATGPT WPS DUOLINGO MS VIDIO GRAMMARLY GOODNOTES KILONOTES NETFLIX PERPLEXITY secretary,zoom hbo appmus youku oldroll getcontact quillbot capcut youtube wetv bstation prime viu vision appmus iqiyi gagaoolala dazzcam loklok canva scribd chatgpt wps duolingo vidio grammarly goodnotes kilonotes netflix perplexity secretary,neutral,"['zoom', 'hbo', 'appmus', 'youku', 'oldroll', 'getcontact', 'quillbot', 'capcut', 'youtube', 'wetv', 'bstation', 'prime', 'viu', 'vision', 'appmus', 'iqiyi', 'gagaoolala', 'dazzcam', 'loklok', 'canva', 'scribd', 'chatgpt', 'wps', 'duolingo', 'vidio', 'grammarly', 'goodnotes', 'kilonotes', 'netflix', 'perplexity', 'secretary']","['zoom', 'hbo', 'appmus', 'youku', 'oldroll', 'getcontact', 'quillbot', 'capcut', 'youtube', 'wetv', 'bstation', 'prime', 'viu', 'vision', 'appmus', 'iqiyi', 'gagaoolala', 'dazzcam', 'loklok', 'canva', 'scribd', 'chatgpt', 'wps', 'duolingo', 'vidio', 'grammarly', 'goodnotes', 'kilonotes', 'netflix', 'perplexity', 'secretary']"
I completed the October challenge faster than of all learners on Duolingo,complete october challenge faster learner duolingo,positive,"['complete', 'october', 'challenge', 'faster', 'learner', 'duolingo']","['complete', 'october', 'challenge', 'faster', 'learner', 'duolingo']"
Hi please clear my streak freeze Username is markscoble its upsetting me too much,hi please clear streak freeze username markscoble upset too much,negative,"['hi', 'please', 'clear', 'streak', 'freeze', 'username', 'markscoble', 'upset', 'too', 'much']","['hi', 'please', 'clear', 'streak', 'freeze', 'username', 'markscoble', 'upset', 'too', 'much']"
Its Memo this app teach programming languages it uses a game like learning approach as duolingo but it is more practical and has playground where you try out things yourself,memo app teach program language use game like learn approach duolingo but more practical playground try thing,positive,"['memo', 'app', 'teach', 'program', 'language', 'use', 'game', 'like', 'learn', 'approach', 'duolingo', 'but', 'more', 'practical', 'playground', 'try', 'thing']","['memo', 'app', 'teach', 'program', 'language', 'use', 'game', 'like', 'learn', 'approach', 'duolingo', 'but', 'more', 'practical', 'playground', 'try', 'thing']"
Many of the worlds biggest apps and websites have suddenly stopped working properly,many world big apps website suddenly stop work properly,neutral,"['many', 'world', 'big', 'apps', 'website', 'suddenly', 'stop', 'work', 'properly']","['many', 'world', 'big', 'apps', 'website', 'suddenly', 'stop', 'work', 'properly']"
Based on latest analyst data from diverse sources like Yahoo Finance the top from the list for growth and financials are Duolingo DUOL revenue growth EPS growth in strong beats The Trade Desk TTD revenue EPS growth projected robust health Adobe ADBE revenue EPS growth upward revisions Salesforce CRM revenue EPS growth consistent performance This is for informational purposes consult a professional for advice,base late analyst data diverse source like yahoo finance top list growth financials duolingo duol revenue growth eps growth strong beat trade desk ttd revenue eps growth project robust health adobe adbe revenue eps growth upward revision salesforce crm revenue eps growth consistent performance informational purpose consult professional advice,neutral,"['base', 'late', 'analyst', 'data', 'diverse', 'source', 'like', 'yahoo', 'finance', 'top', 'list', 'growth', 'financials', 'duolingo', 'duol', 'revenue', 'growth', 'eps', 'growth', 'strong', 'beat', 'trade', 'desk', 'ttd', 'revenue', 'eps', 'growth', 'project', 'robust', 'health', 'adobe', 'adbe', 'revenue', 'eps', 'growth', 'upward', 'revision', 'salesforce', 'crm', 'revenue', 'eps', 'growth', 'consistent', 'performance', 'informational', 'purpose', 'consult', 'professional', 'advice']","['base', 'late', 'analyst', 'data', 'diverse', 'source', 'like', 'yahoo', 'finance', 'top', 'list', 'growth', 'financials', 'duolingo', 'duol', 'revenue', 'growth', 'eps', 'growth', 'strong', 'beat', 'trade', 'desk', 'ttd', 'revenue', 'eps', 'growth', 'project', 'robust', 'health', 'adobe', 'adbe', 'revenue', 'eps', 'growth', 'upward', 'revision', 'salesforce', 'crm', 'revenue', 'eps', 'growth', 'consistent', 'performance', 'informational', 'purpose', 'consult', 'professional', 'advice']"
make duolingo sha save my streak,make duolingo sha save streak,negative,"['make', 'duolingo', 'sha', 'save', 'streak']","['make', 'duolingo', 'sha', 'save', 'streak']"
The casualty list is INSANE Snapchat Roblox Fortnite Reddit Canva Duolingo Coinbase And more Zoom Signal even Amazons Ring Alexa If your apps on AWS its toast today Whos safe Platforms that ditched the cloud dependency,casualty list insane snapchat roblox fortnite reddit canva duolingo coinbase more zoom signal even amazon ring alexa apps aws toast today whos safe platform ditch cloud dependency,neutral,"['casualty', 'list', 'insane', 'snapchat', 'roblox', 'fortnite', 'reddit', 'canva', 'duolingo', 'coinbase', 'more', 'zoom', 'signal', 'even', 'amazon', 'ring', 'alexa', 'apps', 'aws', 'toast', 'today', 'whos', 'safe', 'platform', 'ditch', 'cloud', 'dependency']","['casualty', 'list', 'insane', 'snapchat', 'roblox', 'fortnite', 'reddit', 'canva', 'duolingo', 'coinbase', 'more', 'zoom', 'signal', 'even', 'amazon', 'ring', 'alexa', 'apps', 'aws', 'toast', 'today', 'whos', 'safe', 'platform', 'ditch', 'cloud', 'dependency']"
Duolingo should pay for my used streak freeze because I couldnt do a lesson yesterday,duolingo should pay used streak freeze could not not_lesson lesson yesterday,negative,"['duolingo', 'should', 'pay', 'used', 'streak', 'freeze', 'could', 'not', 'lesson', 'yesterday']","['duolingo', 'should', 'pay', 'used', 'streak', 'freeze', 'could', 'not', 'not_lesson', 'lesson', 'yesterday']"
im blaming Duolingo because the social media team is like those cringe popular girls at school,blame duolingo social medium team like cringe popular girl school,negative,"['blame', 'duolingo', 'social', 'medium', 'team', 'like', 'cringe', 'popular', 'girl', 'school']","['blame', 'duolingo', 'social', 'medium', 'team', 'like', 'cringe', 'popular', 'girl', 'school']"
I just downloaded Duolingo to help study Korean for my trip and Im not gonna lie Im not enjoying the attitude that bird is giving each day,just download duolingo help study korean trip not not_go go lie not not_enjoy enjoy attitude bird give day,negative,"['just', 'download', 'duolingo', 'help', 'study', 'korean', 'trip', 'not', 'go', 'lie', 'not', 'enjoy', 'attitude', 'bird', 'give', 'day']","['just', 'download', 'duolingo', 'help', 'study', 'korean', 'trip', 'not', 'not_go', 'go', 'lie', 'not', 'not_enjoy', 'enjoy', 'attitude', 'bird', 'give', 'day']"
Ohhhh niceeee Gotta get back to Duolingo,ohhhh niceeee get get back duolingo,positive,"['ohhhh', 'niceeee', 'get', 'get', 'back', 'duolingo']","['ohhhh', 'niceeee', 'get', 'get', 'back', 'duolingo']"
Apps like Duolingo Slack and Snapchat were also affected If not for their rapid response in handling the issues a lot more will be at stake now So you see why everyone is panicking,apps like duolingo slack snapchat also affect not not_rapid rapid response handle issue lot more will stake so see everyone panic,neutral,"['apps', 'like', 'duolingo', 'slack', 'snapchat', 'also', 'affect', 'not', 'rapid', 'response', 'handle', 'issue', 'lot', 'more', 'will', 'stake', 'so', 'see', 'everyone', 'panic']","['apps', 'like', 'duolingo', 'slack', 'snapchat', 'also', 'affect', 'not', 'not_rapid', 'rapid', 'response', 'handle', 'issue', 'lot', 'more', 'will', 'stake', 'so', 'see', 'everyone', 'panic']"
idk what yall saved but thanks for using MY freezes for your maintenance issues ig,not not_know know save but thanks use freeze maintenance issue ig,negative,"['not', 'know', 'save', 'but', 'thanks', 'use', 'freeze', 'maintenance', 'issue', 'ig']","['not', 'not_know', 'know', 'save', 'but', 'thanks', 'use', 'freeze', 'maintenance', 'issue', 'ig']"
time to get back on Duolingo,time get back duolingo,positive,"['time', 'get', 'back', 'duolingo']","['time', 'get', 'back', 'duolingo']"
The scene that appears in my head when I get off work,scene appear head get work,neutral,"['scene', 'appear', 'head', 'get', 'work']","['scene', 'appear', 'head', 'get', 'work']"
Junior from duolingo is ugly tho,junior duolingo ugly though,negative,"['junior', 'duolingo', 'ugly', 'though']","['junior', 'duolingo', 'ugly', 'though']"
bae i love u i went on duolingo for uuuuu,bae love go duolingo uuuuu,positive,"['bae', 'love', 'go', 'duolingo', 'uuuuu']","['bae', 'love', 'go', 'duolingo', 'uuuuu']"
The Santo Padre knowing hes gotta let go of his duolingo account,santo padre know get let go duolingo account,neutral,"['santo', 'padre', 'know', 'get', 'let', 'go', 'duolingo', 'account']","['santo', 'padre', 'know', 'get', 'let', 'go', 'duolingo', 'account']"
i have noticed that you are hosted on AWS the bird is not opening Whats gonna happen to my streak,notice host aws bird not not_open open whats go happen streak,negative,"['notice', 'host', 'aws', 'bird', 'not', 'open', 'whats', 'go', 'happen', 'streak']","['notice', 'host', 'aws', 'bird', 'not', 'not_open', 'open', 'whats', 'go', 'happen', 'streak']"
Its so obvious to me that China could easily do this Its been expected Half the internet goes down after Amazon cloud outage via,so obvious china could easily expect half internet go amazon cloud outage via,neutral,"['so', 'obvious', 'china', 'could', 'easily', 'expect', 'half', 'internet', 'go', 'amazon', 'cloud', 'outage', 'via']","['so', 'obvious', 'china', 'could', 'easily', 'expect', 'half', 'internet', 'go', 'amazon', 'cloud', 'outage', 'via']"
If I lose this damn duolingo streak cuz its all shut down I will manhandle that flappy green bird myself,lose damn duolingo streak shut will manhandle flappy green bird,negative,"['lose', 'damn', 'duolingo', 'streak', 'shut', 'will', 'manhandle', 'flappy', 'green', 'bird']","['lose', 'damn', 'duolingo', 'streak', 'shut', 'will', 'manhandle', 'flappy', 'green', 'bird']"
the dichotomy of reddit overthinking language learning and ending up learning nothing vs using Duolingo and thinking thats enough but ending up learning nothing,dichotomy reddit overthinking language learn end learn nothing nothing_use use duolingo think thats enough but end learn nothing,negative,"['dichotomy', 'reddit', 'overthinking', 'language', 'learn', 'end', 'learn', 'nothing', 'use', 'duolingo', 'think', 'thats', 'enough', 'but', 'end', 'learn', 'nothing']","['dichotomy', 'reddit', 'overthinking', 'language', 'learn', 'end', 'learn', 'nothing', 'nothing_use', 'use', 'duolingo', 'think', 'thats', 'enough', 'but', 'end', 'learn', 'nothing']"
the girl i slept with five years ago is really lacking in this duolingo friends quest,girl sleep five year ago really lack duolingo friends quest,negative,"['girl', 'sleep', 'five', 'year', 'ago', 'really', 'lack', 'duolingo', 'friends', 'quest']","['girl', 'sleep', 'five', 'year', 'ago', 'really', 'lack', 'duolingo', 'friends', 'quest']"
Surround yourself with people who you want need to communicate with but who know zero English If youre speaking really bad Spanish nonstop you improve super quick Also Duolingo is fun as a supplement plus Anki for vocab Maybe memorize some verb charts Spanish music too,surround people want need communicate but know zero english youre speak really bad spanish nonstop improve super quick also duolingo fun supplement plus anki vocab maybe memorize verb chart spanish music too,positive,"['surround', 'people', 'want', 'need', 'communicate', 'but', 'know', 'zero', 'english', 'youre', 'speak', 'really', 'bad', 'spanish', 'nonstop', 'improve', 'super', 'quick', 'also', 'duolingo', 'fun', 'supplement', 'plus', 'anki', 'vocab', 'maybe', 'memorize', 'verb', 'chart', 'spanish', 'music', 'too']","['surround', 'people', 'want', 'need', 'communicate', 'but', 'know', 'zero', 'english', 'youre', 'speak', 'really', 'bad', 'spanish', 'nonstop', 'improve', 'super', 'quick', 'also', 'duolingo', 'fun', 'supplement', 'plus', 'anki', 'vocab', 'maybe', 'memorize', 'verb', 'chart', 'spanish', 'music', 'too']"
Learn a language with me for free Duolingo is fun and proven to work Heres my invite link,learn language free duolingo fun proven work invite link,positive,"['learn', 'language', 'free', 'duolingo', 'fun', 'proven', 'work', 'invite', 'link']","['learn', 'language', 'free', 'duolingo', 'fun', 'proven', 'work', 'invite', 'link']"
Many wellknown sites and apps rely on AWS especially evident in todays outage Heres a list of popular ones Snapchat Roblox Fortnite Epic Games Netflix Reddit Canva Duolingo Disney Airbnb Pinterest Twitch Coinbase Venmo PayPal Ring Robinhood Crunchyroll ESPN Facebook Starbucks Zomato Sources Recent outage reports and AWS customer lists eg Spacelift Reuters,many wellknown site apps rely aws especially evident todays outage heres list popular one snapchat roblox fortnite epic game netflix reddit canva duolingo disney airbnb pinterest twitch coinbase venmo paypal ring robinhood crunchyroll espn facebook starbucks zomato source recent outage report aws customer list eg spacelift reuters,neutral,"['many', 'wellknown', 'site', 'apps', 'rely', 'aws', 'especially', 'evident', 'todays', 'outage', 'heres', 'list', 'popular', 'one', 'snapchat', 'roblox', 'fortnite', 'epic', 'game', 'netflix', 'reddit', 'canva', 'duolingo', 'disney', 'airbnb', 'pinterest', 'twitch', 'coinbase', 'venmo', 'paypal', 'ring', 'robinhood', 'crunchyroll', 'espn', 'facebook', 'starbucks', 'zomato', 'source', 'recent', 'outage', 'report', 'aws', 'customer', 'list', 'eg', 'spacelift', 'reuters']","['many', 'wellknown', 'site', 'apps', 'rely', 'aws', 'especially', 'evident', 'todays', 'outage', 'heres', 'list', 'popular', 'one', 'snapchat', 'roblox', 'fortnite', 'epic', 'game', 'netflix', 'reddit', 'canva', 'duolingo', 'disney', 'airbnb', 'pinterest', 'twitch', 'coinbase', 'venmo', 'paypal', 'ring', 'robinhood', 'crunchyroll', 'espn', 'facebook', 'starbucks', 'zomato', 'source', 'recent', 'outage', 'report', 'aws', 'customer', 'list', 'eg', 'spacelift', 'reuters']"
My issue was that I didnt get the or x bonus points,issue not not_get get bonus point,negative,"['issue', 'not', 'get', 'bonus', 'point']","['issue', 'not', 'not_get', 'get', 'bonus', 'point']"
yo app is ass,yo app ass,negative,"['yo', 'app', 'ass']","['yo', 'app', 'ass']"
I hope they do,hope,neutral,['hope'],['hope']
Bruh my Duolingo dont work,bruh duolingo not not_work work,negative,"['bruh', 'duolingo', 'not', 'work']","['bruh', 'duolingo', 'not', 'not_work', 'work']"
ok im learning bilaspuri then does duolingo have a course on that,ok learn bilaspuri duolingo course,neutral,"['ok', 'learn', 'bilaspuri', 'duolingo', 'course']","['ok', 'learn', 'bilaspuri', 'duolingo', 'course']"
may someone doesnt want this fuckass app teach this gay shits to their kids they forced,may someone not not_want want fuckass app teach gay shit kid force,negative,"['may', 'someone', 'not', 'want', 'fuckass', 'app', 'teach', 'gay', 'shit', 'kid', 'force']","['may', 'someone', 'not', 'not_want', 'want', 'fuckass', 'app', 'teach', 'gay', 'shit', 'kid', 'force']"
Hey just spent to restore my streak but the repair prompt vanishedhelp a learner out Username,hey just spend restore streak but repair prompt vanishedhelp learner username,negative,"['hey', 'just', 'spend', 'restore', 'streak', 'but', 'repair', 'prompt', 'vanishedhelp', 'learner', 'username']","['hey', 'just', 'spend', 'restore', 'streak', 'but', 'repair', 'prompt', 'vanishedhelp', 'learner', 'username']"
Learn French,learn french,neutral,"['learn', 'french']","['learn', 'french']"
why does duolingo have high valyrian but not thai,duolingo high valyrian but not not_thai thai,neutral,"['duolingo', 'high', 'valyrian', 'but', 'not', 'thai']","['duolingo', 'high', 'valyrian', 'but', 'not', 'not_thai', 'thai']"
Why dont you have Farsi,not not_farsi farsi,neutral,"['not', 'farsi']","['not', 'not_farsi', 'farsi']"
I am learning German via Duolingo Im pathetically at primary grade level,learn german via duolingo pathetically primary grade level,neutral,"['learn', 'german', 'via', 'duolingo', 'pathetically', 'primary', 'grade', 'level']","['learn', 'german', 'via', 'duolingo', 'pathetically', 'primary', 'grade', 'level']"
Thanks,thanks,positive,['thanks'],['thanks']
Starting using Duolingo during the lockdown in Heres to a day streak and a few freezes here and there,start use duolingo lockdown day streak freeze,positive,"['start', 'use', 'duolingo', 'lockdown', 'day', 'streak', 'freeze']","['start', 'use', 'duolingo', 'lockdown', 'day', 'streak', 'freeze']"
Learning chess on Duolingo That Tunde guy should start shaking cause once I learn am well Im challenging him,learn chess duolingo tunde guy should start shake learn well challenge,positive,"['learn', 'chess', 'duolingo', 'tunde', 'guy', 'should', 'start', 'shake', 'learn', 'well', 'challenge']","['learn', 'chess', 'duolingo', 'tunde', 'guy', 'should', 'start', 'shake', 'learn', 'well', 'challenge']"
Has anyone ever actually become fluent on Duolingo,anyone ever actually become fluent duolingo,neutral,"['anyone', 'ever', 'actually', 'become', 'fluent', 'duolingo']","['anyone', 'ever', 'actually', 'become', 'fluent', 'duolingo']"
Theres a duolingo anime,duolingo anime,neutral,"['duolingo', 'anime']","['duolingo', 'anime']"
what happened to duolingo,happen duolingo,neutral,"['happen', 'duolingo']","['happen', 'duolingo']"
is down along with a host of other apps by the look of it in a Yikes whats happening I hope its nothing too serious I also hope we wont lose our places in the leagues through no fault of our own,along host apps look yikes whats happen hope nothing nothing_too too serious also hope will not not_lose lose place league no no_fault fault,negative,"['along', 'host', 'apps', 'look', 'yikes', 'whats', 'happen', 'hope', 'nothing', 'too', 'serious', 'also', 'hope', 'will', 'not', 'lose', 'place', 'league', 'no', 'fault']","['along', 'host', 'apps', 'look', 'yikes', 'whats', 'happen', 'hope', 'nothing', 'nothing_too', 'too', 'serious', 'also', 'hope', 'will', 'not', 'not_lose', 'lose', 'place', 'league', 'no', 'no_fault', 'fault']"
guys i just want to let you know i have a day streak on duolingo and the only reason i still have it is because big number go up and i like,guy just want let know day streak duolingo only reason still big number go like,neutral,"['guy', 'just', 'want', 'let', 'know', 'day', 'streak', 'duolingo', 'only', 'reason', 'still', 'big', 'number', 'go', 'like']","['guy', 'just', 'want', 'let', 'know', 'day', 'streak', 'duolingo', 'only', 'reason', 'still', 'big', 'number', 'go', 'like']"
to all my English and American mutuals just know that Im currently learning English with Duolingo and maybe in a few months Ill be able to start tweeting in your language,english american mutuals just know currently learn english duolingo maybe month will able start tweet language,positive,"['english', 'american', 'mutuals', 'just', 'know', 'currently', 'learn', 'english', 'duolingo', 'maybe', 'month', 'will', 'able', 'start', 'tweet', 'language']","['english', 'american', 'mutuals', 'just', 'know', 'currently', 'learn', 'english', 'duolingo', 'maybe', 'month', 'will', 'able', 'start', 'tweet', 'language']"
Thank you so much for this advice Its just worked for me,thank so much advice just work,positive,"['thank', 'so', 'much', 'advice', 'just', 'work']","['thank', 'so', 'much', 'advice', 'just', 'work']"
he deleted the apps to make room for duolingo,delete apps make room duolingo,positive,"['delete', 'apps', 'make', 'room', 'duolingo']","['delete', 'apps', 'make', 'room', 'duolingo']"
Looks like is hosted on AWS and part of the outage Will this affect my streak,look like host aws part outage will affect streak,negative,"['look', 'like', 'host', 'aws', 'part', 'outage', 'will', 'affect', 'streak']","['look', 'like', 'host', 'aws', 'part', 'outage', 'will', 'affect', 'streak']"
thanks god i have seen notif from weird duolingo owl at least for one day,thanks god see notif weird duolingo owl least one day,positive,"['thanks', 'god', 'see', 'notif', 'weird', 'duolingo', 'owl', 'least', 'one', 'day']","['thanks', 'god', 'see', 'notif', 'weird', 'duolingo', 'owl', 'least', 'one', 'day']"
Hi with the outage for the internet and Duolingo is down what happens to our days streak It is gone,hi outage internet duolingo happen day streak go,negative,"['hi', 'outage', 'internet', 'duolingo', 'happen', 'day', 'streak', 'go']","['hi', 'outage', 'internet', 'duolingo', 'happen', 'day', 'streak', 'go']"
Who the fuck does Duolingo on a train without headphones,fuck duolingo train without headphone,negative,"['fuck', 'duolingo', 'train', 'without', 'headphone']","['fuck', 'duolingo', 'train', 'without', 'headphone']"
AWS stands for Amazon Web Services a major cloud computing platform Today October its trending due to a widespread outage in its USEAST region disrupting apps like Snapchat Roblox Duolingo and more Services are recovering but it caused global issues for hours,aws stand amazon web service major cloud compute platform today october trend due widespread outage useast region disrupt apps like snapchat roblox duolingo more service recover but cause global issue hour,neutral,"['aws', 'stand', 'amazon', 'web', 'service', 'major', 'cloud', 'compute', 'platform', 'today', 'october', 'trend', 'due', 'widespread', 'outage', 'useast', 'region', 'disrupt', 'apps', 'like', 'snapchat', 'roblox', 'duolingo', 'more', 'service', 'recover', 'but', 'cause', 'global', 'issue', 'hour']","['aws', 'stand', 'amazon', 'web', 'service', 'major', 'cloud', 'compute', 'platform', 'today', 'october', 'trend', 'due', 'widespread', 'outage', 'useast', 'region', 'disrupt', 'apps', 'like', 'snapchat', 'roblox', 'duolingo', 'more', 'service', 'recover', 'but', 'cause', 'global', 'issue', 'hour']"
by using up my last streak freeze Great Thanks,use last streak freeze great thanks,negative,"['use', 'last', 'streak', 'freeze', 'great', 'thanks']","['use', 'last', 'streak', 'freeze', 'great', 'thanks']"
or new language to learn i lose my streak days on duolingo,new language learn lose streak day duolingo,negative,"['new', 'language', 'learn', 'lose', 'streak', 'day', 'duolingo']","['new', 'language', 'learn', 'lose', 'streak', 'day', 'duolingo']"
Thank you your feedback has been ignored if youre going to teach a language it helps if you know when its correct which my answer is,thank feedback ignore youre go teach language help know correct answer,negative,"['thank', 'feedback', 'ignore', 'youre', 'go', 'teach', 'language', 'help', 'know', 'correct', 'answer']","['thank', 'feedback', 'ignore', 'youre', 'go', 'teach', 'language', 'help', 'know', 'correct', 'answer']"
And many of you whent on about me being a racist well If I would choose and can at some point in life I would have a somalian boyfriend And so the rest of you know I am aslo half kurdish and is learning arabic aslo on Duolingo,many whent racist well would choose can point life would somalian boyfriend so rest know aslo half kurdish learn arabic aslo duolingo,neutral,"['many', 'whent', 'racist', 'well', 'would', 'choose', 'can', 'point', 'life', 'would', 'somalian', 'boyfriend', 'so', 'rest', 'know', 'aslo', 'half', 'kurdish', 'learn', 'arabic', 'aslo', 'duolingo']","['many', 'whent', 'racist', 'well', 'would', 'choose', 'can', 'point', 'life', 'would', 'somalian', 'boyfriend', 'so', 'rest', 'know', 'aslo', 'half', 'kurdish', 'learn', 'arabic', 'aslo', 'duolingo']"
Im so sorry but if you live in the US and dont know what te amo means Duolingo is free,so sorry but live not not_know know te amo mean duolingo free,neutral,"['so', 'sorry', 'but', 'live', 'not', 'know', 'te', 'amo', 'mean', 'duolingo', 'free']","['so', 'sorry', 'but', 'live', 'not', 'not_know', 'know', 'te', 'amo', 'mean', 'duolingo', 'free']"
wheres your Anglish course as this is English like it would have been without nonnative in English,wheres anglish course english like would without nonnative english,neutral,"['wheres', 'anglish', 'course', 'english', 'like', 'would', 'without', 'nonnative', 'english']","['wheres', 'anglish', 'course', 'english', 'like', 'would', 'without', 'nonnative', 'english']"
The new energy system from is clandestine pay to win How am I supposed to reach goals like finish a unit if I barely get enough energy to do two lessons since I lose energy even when Im correct Back to Rosetta Stone,new energy system clandestine pay win suppose reach goal like finish unit barely get enough energy two lesson since lose energy even correct back rosetta stone,negative,"['new', 'energy', 'system', 'clandestine', 'pay', 'win', 'suppose', 'reach', 'goal', 'like', 'finish', 'unit', 'barely', 'get', 'enough', 'energy', 'two', 'lesson', 'since', 'lose', 'energy', 'even', 'correct', 'back', 'rosetta', 'stone']","['new', 'energy', 'system', 'clandestine', 'pay', 'win', 'suppose', 'reach', 'goal', 'like', 'finish', 'unit', 'barely', 'get', 'enough', 'energy', 'two', 'lesson', 'since', 'lose', 'energy', 'even', 'correct', 'back', 'rosetta', 'stone']"
Ah yes the literal first day of me studying Spanish on Duolingo it goes broken LOL not amazon blocking me from finding a Latino husband and live in a small town,ah yes literal first day study spanish duolingo go break laugh not not_amazon amazon block find latino husband live small town,negative,"['ah', 'yes', 'literal', 'first', 'day', 'study', 'spanish', 'duolingo', 'go', 'break', 'laugh', 'not', 'amazon', 'block', 'find', 'latino', 'husband', 'live', 'small', 'town']","['ah', 'yes', 'literal', 'first', 'day', 'study', 'spanish', 'duolingo', 'go', 'break', 'laugh', 'not', 'not_amazon', 'amazon', 'block', 'find', 'latino', 'husband', 'live', 'small', 'town']"
haha very bad sadly Its been since wen I locked in NFTs lost sleep since then im sorry,haha very bad sadly since wen lock nfts lose sleep since sorry,negative,"['haha', 'very', 'bad', 'sadly', 'since', 'wen', 'lock', 'nfts', 'lose', 'sleep', 'since', 'sorry']","['haha', 'very', 'bad', 'sadly', 'since', 'wen', 'lock', 'nfts', 'lose', 'sleep', 'since', 'sorry']"
Please get back to me on what this energy battery in the right hand corner is all about Where are the hearts,please get back energy battery right hand corner heart,negative,"['please', 'get', 'back', 'energy', 'battery', 'right', 'hand', 'corner', 'heart']","['please', 'get', 'back', 'energy', 'battery', 'right', 'hand', 'corner', 'heart']"
Plus the exercises are so basic and repetitive They have sentences that you would hardly use in real life,plus exercise so basic repetitive sentence would hardly use real life,negative,"['plus', 'exercise', 'so', 'basic', 'repetitive', 'sentence', 'would', 'hardly', 'use', 'real', 'life']","['plus', 'exercise', 'so', 'basic', 'repetitive', 'sentence', 'would', 'hardly', 'use', 'real', 'life']"
Are you a sicko who wants to travel to Israel and be able to speak conversational Hebrew in the police interrogation room Not to worryDuolingo has you covered,sicko want travel israel able speak conversational hebrew police interrogation room not not_worryduolingo worryduolingo cover,neutral,"['sicko', 'want', 'travel', 'israel', 'able', 'speak', 'conversational', 'hebrew', 'police', 'interrogation', 'room', 'not', 'worryduolingo', 'cover']","['sicko', 'want', 'travel', 'israel', 'able', 'speak', 'conversational', 'hebrew', 'police', 'interrogation', 'room', 'not', 'not_worryduolingo', 'worryduolingo', 'cover']"
Learn a language with me for free Duolingo is fun and proven to work Here s my invite link,learn language free duolingo fun proven work invite link,positive,"['learn', 'language', 'free', 'duolingo', 'fun', 'proven', 'work', 'invite', 'link']","['learn', 'language', 'free', 'duolingo', 'fun', 'proven', 'work', 'invite', 'link']"
Guys I m learning French on Duolingo I m going to become a genius in French Wish me luck I hope the bird doesn t harass me every day because I don t want to study French,guy learn french duolingo go become genius french wish luck hope bird harass every day want study french,positive,"['guy', 'learn', 'french', 'duolingo', 'go', 'become', 'genius', 'french', 'wish', 'luck', 'hope', 'bird', 'harass', 'every', 'day', 'want', 'study', 'french']","['guy', 'learn', 'french', 'duolingo', 'go', 'become', 'genius', 'french', 'wish', 'luck', 'hope', 'bird', 'harass', 'every', 'day', 'want', 'study', 'french']"
How bout you just fix your energy system back to hearts and we good,bout just fix energy system back heart good,negative,"['bout', 'just', 'fix', 'energy', 'system', 'back', 'heart', 'good']","['bout', 'just', 'fix', 'energy', 'system', 'back', 'heart', 'good']"
I m tired of Duolingo trying so hard to be relevant It s cringe and annoying,tire duolingo try so hard relevant cringe annoying,negative,"['tire', 'duolingo', 'try', 'so', 'hard', 'relevant', 'cringe', 'annoying']","['tire', 'duolingo', 'try', 'so', 'hard', 'relevant', 'cringe', 'annoying']"
my mom finished her friends mission but didn t receive her reward What s the reason that caused this problem,mom finish friend mission but receive reward reason cause problem,negative,"['mom', 'finish', 'friend', 'mission', 'but', 'receive', 'reward', 'reason', 'cause', 'problem']","['mom', 'finish', 'friend', 'mission', 'but', 'receive', 'reward', 'reason', 'cause', 'problem']"
I love when Duolingo decides to give me Super Duolingo,love duolingo decide give super duolingo,positive,"['love', 'duolingo', 'decide', 'give', 'super', 'duolingo']","['love', 'duolingo', 'decide', 'give', 'super', 'duolingo']"
I finished it today Thanks,finish today thanks,positive,"['finish', 'today', 'thanks']","['finish', 'today', 'thanks']"
At the same time I don t know anyone who doesn t know what Duolingo is so their marketing works,time know anyone know duolingo so market work,positive,"['time', 'know', 'anyone', 'know', 'duolingo', 'so', 'market', 'work']","['time', 'know', 'anyone', 'know', 'duolingo', 'so', 'market', 'work']"
You have royally ruined your app with this new power bar nonsense Is this an exercise in trying to get people to use your product less How the hell do you know how much power a particular class is going to require,royally ruin app new power bar nonsense exercise try get people use product less hell know much power particular class go require,negative,"['royally', 'ruin', 'app', 'new', 'power', 'bar', 'nonsense', 'exercise', 'try', 'get', 'people', 'use', 'product', 'less', 'hell', 'know', 'much', 'power', 'particular', 'class', 'go', 'require']","['royally', 'ruin', 'app', 'new', 'power', 'bar', 'nonsense', 'exercise', 'try', 'get', 'people', 'use', 'product', 'less', 'hell', 'know', 'much', 'power', 'particular', 'class', 'go', 'require']"
looks like utter shit,look like utter shit,negative,"['look', 'like', 'utter', 'shit']","['look', 'like', 'utter', 'shit']"
he deleted the apps to make room for duolingo,delete apps make room duolingo,positive,"['delete', 'apps', 'make', 'room', 'duolingo']","['delete', 'apps', 'make', 'room', 'duolingo']"
I m not an avid user of Duolingo but their engineering blog is a goldmine,not not_avid avid user duolingo but engineer blog goldmine,positive,"['not', 'avid', 'user', 'duolingo', 'but', 'engineer', 'blog', 'goldmine']","['not', 'not_avid', 'avid', 'user', 'duolingo', 'but', 'engineer', 'blog', 'goldmine']"
I could get by in Mexico after several months using Duolingo While I agree that it is not as effective as immersing oneself in a language culture it certain to helps to at minimum better understand the language when spoken,could get mexico several month use duolingo agree not not_effective effective immerse oneself language culture certain help minimum good understand language spoken,positive,"['could', 'get', 'mexico', 'several', 'month', 'use', 'duolingo', 'agree', 'not', 'effective', 'immerse', 'oneself', 'language', 'culture', 'certain', 'help', 'minimum', 'good', 'understand', 'language', 'spoken']","['could', 'get', 'mexico', 'several', 'month', 'use', 'duolingo', 'agree', 'not', 'not_effective', 'effective', 'immerse', 'oneself', 'language', 'culture', 'certain', 'help', 'minimum', 'good', 'understand', 'language', 'spoken']"
I loveee this good job,loveee good job,positive,"['loveee', 'good', 'job']","['loveee', 'good', 'job']"
no joke your anime actually has me hooked If you haven t seen it my friends,no no_joke joke anime actually hook see friend,positive,"['no', 'joke', 'anime', 'actually', 'hook', 'see', 'friend']","['no', 'no_joke', 'joke', 'anime', 'actually', 'hook', 'see', 'friend']"
Education is shifting from institutions to individual sovereignty People are choosing tools that teach faster cheaper and better When education is free quality dies When people pay for excellence the market rewards it Duolingo center of that transformation,education shift institution individual sovereignty people choose tool teach fast cheap good education free quality die people pay excellence market reward duolingo center transformation,positive,"['education', 'shift', 'institution', 'individual', 'sovereignty', 'people', 'choose', 'tool', 'teach', 'fast', 'cheap', 'good', 'education', 'free', 'quality', 'die', 'people', 'pay', 'excellence', 'market', 'reward', 'duolingo', 'center', 'transformation']","['education', 'shift', 'institution', 'individual', 'sovereignty', 'people', 'choose', 'tool', 'teach', 'fast', 'cheap', 'good', 'education', 'free', 'quality', 'die', 'people', 'pay', 'excellence', 'market', 'reward', 'duolingo', 'center', 'transformation']"
the duolingo bird pretending to die was so stupid,duolingo bird pretend die so stupid,neutral,"['duolingo', 'bird', 'pretend', 'die', 'so', 'stupid']","['duolingo', 'bird', 'pretend', 'die', 'so', 'stupid']"
your energy level suck I want my hearts back,energy level suck want heart back,negative,"['energy', 'level', 'suck', 'want', 'heart', 'back']","['energy', 'level', 'suck', 'want', 'heart', 'back']"
Duolingo is this nigga s mortal enemy,duolingo nigga mortal enemy,neutral,"['duolingo', 'nigga', 'mortal', 'enemy']","['duolingo', 'nigga', 'mortal', 'enemy']"
I ve gotten a shocking number of comments from people bragging about learning the kana in only a few hundred days thanks to Duolingo,get shock number comment people brag learn kana only hundred day thanks duolingo,negative,"['get', 'shock', 'number', 'comment', 'people', 'brag', 'learn', 'kana', 'only', 'hundred', 'day', 'thanks', 'duolingo']","['get', 'shock', 'number', 'comment', 'people', 'brag', 'learn', 'kana', 'only', 'hundred', 'day', 'thanks', 'duolingo']"
reminder that duolingo fired all their translators and replaced it with an inaccurate ai,reminder duolingo fire translator replace inaccurate ai,negative,"['reminder', 'duolingo', 'fire', 'translator', 'replace', 'inaccurate', 'ai']","['reminder', 'duolingo', 'fire', 'translator', 'replace', 'inaccurate', 'ai']"
I speak espanol although not that much thank,speak espanol although not not_much much thank,positive,"['speak', 'espanol', 'although', 'not', 'much', 'thank']","['speak', 'espanol', 'although', 'not', 'not_much', 'much', 'thank']"
ON THAT GRIND LETS GO also im learning a lot of french from the apex legends french dub so yay and still learning german since im part german myself with a day streak on duolingo hehe,grind let go also learn lot french apex legends french dub so yay still learn german since part german day streak duolingo hehe,positive,"['grind', 'let', 'go', 'also', 'learn', 'lot', 'french', 'apex', 'legends', 'french', 'dub', 'so', 'yay', 'still', 'learn', 'german', 'since', 'part', 'german', 'day', 'streak', 'duolingo', 'hehe']","['grind', 'let', 'go', 'also', 'learn', 'lot', 'french', 'apex', 'legends', 'french', 'dub', 'so', 'yay', 'still', 'learn', 'german', 'since', 'part', 'german', 'day', 'streak', 'duolingo', 'hehe']"
I didn t know that there was a toxica level Even when I m right I m actually wrong,know toxica level even right actually wrong,negative,"['know', 'toxica', 'level', 'even', 'right', 'actually', 'wrong']","['know', 'toxica', 'level', 'even', 'right', 'actually', 'wrong']"
Hey Duo unit is all messed up since the last update Also I dont think the increased repitition in my morning session is helping me at all spaced learning should be where its at When fix,hey duo unit mess since last update also not not_think think increase repitition morning session help space learn should fix,negative,"['hey', 'duo', 'unit', 'mess', 'since', 'last', 'update', 'also', 'not', 'think', 'increase', 'repitition', 'morning', 'session', 'help', 'space', 'learn', 'should', 'fix']","['hey', 'duo', 'unit', 'mess', 'since', 'last', 'update', 'also', 'not', 'not_think', 'think', 'increase', 'repitition', 'morning', 'session', 'help', 'space', 'learn', 'should', 'fix']"
My Duolingo widget is scary I don t respond to pressure like that I will delete the app,duolingo widget scary respond pressure like will delete app,negative,"['duolingo', 'widget', 'scary', 'respond', 'pressure', 'like', 'will', 'delete', 'app']","['duolingo', 'widget', 'scary', 'respond', 'pressure', 'like', 'will', 'delete', 'app']"
Also dropping this here bc I adore my anthro duolingo self insert djfbskfbd,also drop adore anthro duolingo self insert djfbskfbd,positive,"['also', 'drop', 'adore', 'anthro', 'duolingo', 'self', 'insert', 'djfbskfbd']","['also', 'drop', 'adore', 'anthro', 'duolingo', 'self', 'insert', 'djfbskfbd']"
Impressive Duolingo run accuracy and zero mistakes Superhuman indeed Noticing you re jamming to DAKOOKA s Ukrainian for Love Me If you re diving into Slavic languages Ukrainian shares roots with Russian but has unique grammar What s your favorite lyric,impressive duolingo run accuracy zero mistake superhuman indeed notice jam dakooka ukrainian love dive slavic language ukrainian share root russian but unique grammar favorite lyric,positive,"['impressive', 'duolingo', 'run', 'accuracy', 'zero', 'mistake', 'superhuman', 'indeed', 'notice', 'jam', 'dakooka', 'ukrainian', 'love', 'dive', 'slavic', 'language', 'ukrainian', 'share', 'root', 'russian', 'but', 'unique', 'grammar', 'favorite', 'lyric']","['impressive', 'duolingo', 'run', 'accuracy', 'zero', 'mistake', 'superhuman', 'indeed', 'notice', 'jam', 'dakooka', 'ukrainian', 'love', 'dive', 'slavic', 'language', 'ukrainian', 'share', 'root', 'russian', 'but', 'unique', 'grammar', 'favorite', 'lyric']"
I started learning Spanish on Duolingo and the crazy thing is I actually understand what s written on the graphic,start learn spanish duolingo crazy thing actually understand write graphic,positive,"['start', 'learn', 'spanish', 'duolingo', 'crazy', 'thing', 'actually', 'understand', 'write', 'graphic']","['start', 'learn', 'spanish', 'duolingo', 'crazy', 'thing', 'actually', 'understand', 'write', 'graphic']"
My duolingo streak,duolingo streak,neutral,"['duolingo', 'streak']","['duolingo', 'streak']"
Yo lock in bro I m tryna learn swedish on the train,yo lock bro try learn swedish train,positive,"['yo', 'lock', 'bro', 'try', 'learn', 'swedish', 'train']","['yo', 'lock', 'bro', 'try', 'learn', 'swedish', 'train']"
Bring back the hearts There s no reason for someone to still get punished for getting a perfect score in a lesson,bring back heart no no_reason reason someone still get punish get perfect score lesson,negative,"['bring', 'back', 'heart', 'no', 'reason', 'someone', 'still', 'get', 'punish', 'get', 'perfect', 'score', 'lesson']","['bring', 'back', 'heart', 'no', 'no_reason', 'reason', 'someone', 'still', 'get', 'punish', 'get', 'perfect', 'score', 'lesson']"
we need to get our shit together guys even duolingo is bobby alive truthing,need get shit together guy even duolingo bobby alive truthing,neutral,"['need', 'get', 'shit', 'together', 'guy', 'even', 'duolingo', 'bobby', 'alive', 'truthing']","['need', 'get', 'shit', 'together', 'guy', 'even', 'duolingo', 'bobby', 'alive', 'truthing']"
I GOTTA LEARN ONE WAY OR ANOTHER BRO DUOLINGO KEEPS TEACHING ME SHIT LIKE LUBI DZIECI IM NOT GOING ANYWHWRE BUT PRISON WITH THAT,get learn one way another bro duolingo keep teach shit like lubi dzieci not not_go go anywhwre but prison,negative,"['get', 'learn', 'one', 'way', 'another', 'bro', 'duolingo', 'keep', 'teach', 'shit', 'like', 'lubi', 'dzieci', 'not', 'go', 'anywhwre', 'but', 'prison']","['get', 'learn', 'one', 'way', 'another', 'bro', 'duolingo', 'keep', 'teach', 'shit', 'like', 'lubi', 'dzieci', 'not', 'not_go', 'go', 'anywhwre', 'but', 'prison']"
I understand this THANK YOU DUOLINGO,understand thank duolingo,positive,"['understand', 'thank', 'duolingo']","['understand', 'thank', 'duolingo']"
this was making me laugh like okay duolingo i ll do my french lesson right now at am in my pitch black bedroom while my sister sleeps across the room,make laugh like okay duolingo french lesson right pitch black bedroom sister sleep across room,positive,"['make', 'laugh', 'like', 'okay', 'duolingo', 'french', 'lesson', 'right', 'pitch', 'black', 'bedroom', 'sister', 'sleep', 'across', 'room']","['make', 'laugh', 'like', 'okay', 'duolingo', 'french', 'lesson', 'right', 'pitch', 'black', 'bedroom', 'sister', 'sleep', 'across', 'room']"
ayyyy I love it that you were also programmed and trained to recognize such figure of speech,ayyyy love also program train recognize figure speech,positive,"['ayyyy', 'love', 'also', 'program', 'train', 'recognize', 'figure', 'speech']","['ayyyy', 'love', 'also', 'program', 'train', 'recognize', 'figure', 'speech']"
need to take more duolingo classes anyways i hope we can interact more on here i am ur new moot i think hehe,need take more duolingo class anyways hope can interact more new moot think hehe,positive,"['need', 'take', 'more', 'duolingo', 'class', 'anyways', 'hope', 'can', 'interact', 'more', 'new', 'moot', 'think', 'hehe']","['need', 'take', 'more', 'duolingo', 'class', 'anyways', 'hope', 'can', 'interact', 'more', 'new', 'moot', 'think', 'hehe']"
Same They are actively discouraging us from using the app I have a streak and I am considering giving up They also used to have a community explain the wrong answers useful grammar lessons Now only the explain the wrong answer which is paid,actively discourage use app streak consider give also use community explain wrong answer useful grammar lesson only explain wrong answer pay,negative,"['actively', 'discourage', 'use', 'app', 'streak', 'consider', 'give', 'also', 'use', 'community', 'explain', 'wrong', 'answer', 'useful', 'grammar', 'lesson', 'only', 'explain', 'wrong', 'answer', 'pay']","['actively', 'discourage', 'use', 'app', 'streak', 'consider', 'give', 'also', 'use', 'community', 'explain', 'wrong', 'answer', 'useful', 'grammar', 'lesson', 'only', 'explain', 'wrong', 'answer', 'pay']"
Duolingo so aggressive with the notification remarks like LMAO hoe is you cool fr,duolingo so aggressive notification remark like laugh hoe cool fr,negative,"['duolingo', 'so', 'aggressive', 'notification', 'remark', 'like', 'laugh', 'hoe', 'cool', 'fr']","['duolingo', 'so', 'aggressive', 'notification', 'remark', 'like', 'laugh', 'hoe', 'cool', 'fr']"
Learning german on Duolingo is quite fun loving it so far,learning german duolingo quite fun love so far,positive,"['learning', 'german', 'duolingo', 'quite', 'fun', 'love', 'so', 'far']","['learning', 'german', 'duolingo', 'quite', 'fun', 'love', 'so', 'far']"
You are on duolingo I am on anki we both share a love of learning,duolingo anki share love learn,positive,"['duolingo', 'anki', 'share', 'love', 'learn']","['duolingo', 'anki', 'share', 'love', 'learn']"
I wish we had a flame on Spotify like on Duolingo,wish flame spotify like duolingo,positive,"['wish', 'flame', 'spotify', 'like', 'duolingo']","['wish', 'flame', 'spotify', 'like', 'duolingo']"
Here s my profile let s be friends,profile let friend,positive,"['profile', 'let', 'friend']","['profile', 'let', 'friend']"
mommy buying duolingo plus today im happy,mommy buying duolingo plus today happy,positive,"['mommy', 'buying', 'duolingo', 'plus', 'today', 'happy']","['mommy', 'buying', 'duolingo', 'plus', 'today', 'happy']"
Not the duolingo owl lol,not not_duolingo duolingo owl laugh,positive,"['not', 'duolingo', 'owl', 'laugh']","['not', 'not_duolingo', 'duolingo', 'owl', 'laugh']"
Back to Duolingo Maybe another trench opportunities,back duolingo maybe another trench opportunity,positive,"['back', 'duolingo', 'maybe', 'another', 'trench', 'opportunity']","['back', 'duolingo', 'maybe', 'another', 'trench', 'opportunity']"
Duolingo day streak Learn a language with me for free Duolingo is fun and proven to work Here s my invite link,duolingo day streak learn language free duolingo fun proven work invite link,positive,"['duolingo', 'day', 'streak', 'learn', 'language', 'free', 'duolingo', 'fun', 'proven', 'work', 'invite', 'link']","['duolingo', 'day', 'streak', 'learn', 'language', 'free', 'duolingo', 'fun', 'proven', 'work', 'invite', 'link']"
I earned an achievement on Duolingo It s free fun and effective for learning languages,earn achievement duolingo free fun effective learn language,positive,"['earn', 'achievement', 'duolingo', 'free', 'fun', 'effective', 'learn', 'language']","['earn', 'achievement', 'duolingo', 'free', 'fun', 'effective', 'learn', 'language']"
bring back heart,bring back heart,negative,"['bring', 'back', 'heart']","['bring', 'back', 'heart']"
I tried to use a translator but I do not really trust it I about to learn Japanese with Duolingo,try use translator but not not_really really trust learn japanese duolingo,positive,"['try', 'use', 'translator', 'but', 'not', 'really', 'trust', 'learn', 'japanese', 'duolingo']","['try', 'use', 'translator', 'but', 'not', 'not_really', 'really', 'trust', 'learn', 'japanese', 'duolingo']"
Should ve stuck to my Duolingo but I m loving the Spanish,should stuck duolingo but love spanish,positive,"['should', 'stuck', 'duolingo', 'but', 'love', 'spanish']","['should', 'stuck', 'duolingo', 'but', 'love', 'spanish']"
addicted to Duolingo chess send help,addict duolingo chess send help,positive,"['addict', 'duolingo', 'chess', 'send', 'help']","['addict', 'duolingo', 'chess', 'send', 'help']"
Would love you to take a look at us I am intrigued,would love take look intrigue,positive,"['would', 'love', 'take', 'look', 'intrigue']","['would', 'love', 'take', 'look', 'intrigue']"
I just signed up for Duolingo I want to improve my productivity I get scared of English while in school Now let me learn further to improve my productivity,just sign duolingo want improve productivity get scar english school let learn far improve productivity,positive,"['just', 'sign', 'duolingo', 'want', 'improve', 'productivity', 'get', 'scar', 'english', 'school', 'let', 'learn', 'far', 'improve', 'productivity']","['just', 'sign', 'duolingo', 'want', 'improve', 'productivity', 'get', 'scar', 'english', 'school', 'let', 'learn', 'far', 'improve', 'productivity']"
duolingo isnt really that great for leaning german ive heard but the language is not easy to begin with do you have another language that you want to learn or are currently learning,duolingo not not_really really great lean german hear but language not not_easy easy begin another language want learn currently learn,positive,"['duolingo', 'not', 'really', 'great', 'lean', 'german', 'hear', 'but', 'language', 'not', 'easy', 'begin', 'another', 'language', 'want', 'learn', 'currently', 'learn']","['duolingo', 'not', 'not_really', 'really', 'great', 'lean', 'german', 'hear', 'but', 'language', 'not', 'not_easy', 'easy', 'begin', 'another', 'language', 'want', 'learn', 'currently', 'learn']"
Duolingo is a great showcase of how gamification beats efficiency You are right that there are so many ways one could learn languages quicker and better than with Duo but Duo makes coming back to it so addictive and rewarding,duolingo great showcase gamification beat efficiency right so many way one could learn language quick good duo but duo make come back so addictive reward,positive,"['duolingo', 'great', 'showcase', 'gamification', 'beat', 'efficiency', 'right', 'so', 'many', 'way', 'one', 'could', 'learn', 'language', 'quick', 'good', 'duo', 'but', 'duo', 'make', 'come', 'back', 'so', 'addictive', 'reward']","['duolingo', 'great', 'showcase', 'gamification', 'beat', 'efficiency', 'right', 'so', 'many', 'way', 'one', 'could', 'learn', 'language', 'quick', 'good', 'duo', 'but', 'duo', 'make', 'come', 'back', 'so', 'addictive', 'reward']"
good job boy,good job boy,positive,"['good', 'job', 'boy']","['good', 'job', 'boy']"
I revived it recently lol,revive recently laugh,positive,"['revive', 'recently', 'laugh']","['revive', 'recently', 'laugh']"
i am back with the chinese immigrant english LOL funny how i had a duolingo stream yesterday,back chinese immigrant english laugh funny duolingo stream yesterday,positive,"['back', 'chinese', 'immigrant', 'english', 'laugh', 'funny', 'duolingo', 'stream', 'yesterday']","['back', 'chinese', 'immigrant', 'english', 'laugh', 'funny', 'duolingo', 'stream', 'yesterday']"
Your work rate no be play sha Just people should join my Duolingo family dollars monthly and dollars yearly,work rate no no_play play sha just people should join duolingo family dollar monthly dollar yearly,positive,"['work', 'rate', 'no', 'play', 'sha', 'just', 'people', 'should', 'join', 'duolingo', 'family', 'dollar', 'monthly', 'dollar', 'yearly']","['work', 'rate', 'no', 'no_play', 'play', 'sha', 'just', 'people', 'should', 'join', 'duolingo', 'family', 'dollar', 'monthly', 'dollar', 'yearly']"
thank kill joy learn duolingo new energy boost demotivating thing streak soon thank,thank kill joy learn duolingo new energy boost demotivating thing streak soon thank,negative,"['thank', 'kill', 'joy', 'learn', 'duolingo', 'new', 'energy', 'boost', 'demotivating', 'thing', 'streak', 'soon', 'thank']","['thank', 'kill', 'joy', 'learn', 'duolingo', 'new', 'energy', 'boost', 'demotivating', 'thing', 'streak', 'soon', 'thank']"
use duolingo year new energy thing really upsetting especially triple point run energy even get question correct please get rid new energy,use duolingo year new energy thing really upset especially triple point run energy even get question correct please get rid new energy,negative,"['use', 'duolingo', 'year', 'new', 'energy', 'thing', 'really', 'upset', 'especially', 'triple', 'point', 'run', 'energy', 'even', 'get', 'question', 'correct', 'please', 'get', 'rid', 'new', 'energy']","['use', 'duolingo', 'year', 'new', 'energy', 'thing', 'really', 'upset', 'especially', 'triple', 'point', 'run', 'energy', 'even', 'get', 'question', 'correct', 'please', 'get', 'rid', 'new', 'energy']"
Thanks to duolingo I am now just starting to be able to read some Ukrainian posts,thanks duolingo just start able read ukrainian post,positive,"['thanks', 'duolingo', 'just', 'start', 'able', 'read', 'ukrainian', 'post']","['thanks', 'duolingo', 'just', 'start', 'able', 'read', 'ukrainian', 'post']"
The best of AI meets edtech Consumer version will be Duolingo for Literature,best ai meet edtech consumer version will duolingo literature,positive,"['best', 'ai', 'meet', 'edtech', 'consumer', 'version', 'will', 'duolingo', 'literature']","['best', 'ai', 'meet', 'edtech', 'consumer', 'version', 'will', 'duolingo', 'literature']"
get rid morning evening boost,get rid morning evening boost,negative,"['get', 'rid', 'morning', 'evening', 'boost']","['get', 'rid', 'morning', 'evening', 'boost']"
please give option people choose new charge energy system old heart system like simplicity heart confuse new system,please give option people choose new charge energy system old heart system like simplicity heart confuse new system,negative,"['please', 'give', 'option', 'people', 'choose', 'new', 'charge', 'energy', 'system', 'old', 'heart', 'system', 'like', 'simplicity', 'heart', 'confuse', 'new', 'system']","['please', 'give', 'option', 'people', 'choose', 'new', 'charge', 'energy', 'system', 'old', 'heart', 'system', 'like', 'simplicity', 'heart', 'confuse', 'new', 'system']"
I get it though free is meant to give you enough of a taste to subscribe Once you are the experience is great,get though free mean give enough taste subscribe experience great,positive,"['get', 'though', 'free', 'mean', 'give', 'enough', 'taste', 'subscribe', 'experience', 'great']","['get', 'though', 'free', 'mean', 'give', 'enough', 'taste', 'subscribe', 'experience', 'great']"
heard duolingo is pretty good,heard duolingo pretty good,positive,"['heard', 'duolingo', 'pretty', 'good']","['heard', 'duolingo', 'pretty', 'good']"
Wow days of Spanish learning on Duolingo Where does the time go,wow day spanish learning duolingo time go,positive,"['wow', 'day', 'spanish', 'learning', 'duolingo', 'time', 'go']","['wow', 'day', 'spanish', 'learning', 'duolingo', 'time', 'go']"
duolingo introduce stamina meter guess even less interested dogshit app,duolingo introduce stamen meter guess even less interested dogshit app,negative,"['duolingo', 'introduce', 'stamen', 'meter', 'guess', 'even', 'less', 'interested', 'dogshit', 'app']","['duolingo', 'introduce', 'stamen', 'meter', 'guess', 'even', 'less', 'interested', 'dogshit', 'app']"
Stressfully lol but seriously mostly Duolingo I also have books and I watch videos and I have a friend trying to learn it as well Been learning it for like a year now Definitely not fluent I can count to though I know lots of words I know tons of greetings,stressfully laugh but seriously mostly duolingo also book watch video friend try learn well learn like year definitely not not_fluent fluent can count though know lot word know ton greeting,neutral,"['stressfully', 'laugh', 'but', 'seriously', 'mostly', 'duolingo', 'also', 'book', 'watch', 'video', 'friend', 'try', 'learn', 'well', 'learn', 'like', 'year', 'definitely', 'not', 'fluent', 'can', 'count', 'though', 'know', 'lot', 'word', 'know', 'ton', 'greeting']","['stressfully', 'laugh', 'but', 'seriously', 'mostly', 'duolingo', 'also', 'book', 'watch', 'video', 'friend', 'try', 'learn', 'well', 'learn', 'like', 'year', 'definitely', 'not', 'not_fluent', 'fluent', 'can', 'count', 'though', 'know', 'lot', 'word', 'know', 'ton', 'greeting']"
learn japanese duolingo easy,learn japanese duolingo easy,positive,"['learn', 'japanese', 'duolingo', 'easy']","['learn', 'japanese', 'duolingo', 'easy']"
bet decision opportunity anyway learn spanish duolingo get bore give please hint app way continue study,bet decision opportunity anyway learn spanish duolingo get bore give please hint app way continue study,negative,"['bet', 'decision', 'opportunity', 'anyway', 'learn', 'spanish', 'duolingo', 'get', 'bore', 'give', 'please', 'hint', 'app', 'way', 'continue', 'study']","['bet', 'decision', 'opportunity', 'anyway', 'learn', 'spanish', 'duolingo', 'get', 'bore', 'give', 'please', 'hint', 'app', 'way', 'continue', 'study']"
A brilliant example of proactive UXUI is Streak Reminder As someone currently immersed in learning Mandarin Chinese on major props to their team for one of the most effective and userfriendly features I have seen in a language learning app,brilliant example proactive uxui streak reminder someone currently immerse learn mandarin chinese major prop team one most effective userfriendly feature see language learning app,positive,"['brilliant', 'example', 'proactive', 'uxui', 'streak', 'reminder', 'someone', 'currently', 'immerse', 'learn', 'mandarin', 'chinese', 'major', 'prop', 'team', 'one', 'most', 'effective', 'userfriendly', 'feature', 'see', 'language', 'learning', 'app']","['brilliant', 'example', 'proactive', 'uxui', 'streak', 'reminder', 'someone', 'currently', 'immerse', 'learn', 'mandarin', 'chinese', 'major', 'prop', 'team', 'one', 'most', 'effective', 'userfriendly', 'feature', 'see', 'language', 'learning', 'app']"
still gon pay super account say new energy thing instead heart might one change far give spanish streak even finish lesson brilliant,still gon pay super account say new energy thing instead heart might one change far give spanish streak even finish lesson brilliant,negative,"['still', 'gon', 'pay', 'super', 'account', 'say', 'new', 'energy', 'thing', 'instead', 'heart', 'might', 'one', 'change', 'far', 'give', 'spanish', 'streak', 'even', 'finish', 'lesson', 'brilliant']","['still', 'gon', 'pay', 'super', 'account', 'say', 'new', 'energy', 'thing', 'instead', 'heart', 'might', 'one', 'change', 'far', 'give', 'spanish', 'streak', 'even', 'finish', 'lesson', 'brilliant']"
bleep go energy bar thing ridiculous full unit get lesson take bar away every correct answer perfect lesson unit energy leave continue absolute joke,bleep go energy bar thing ridiculous full unit get lesson take bar away every correct answer perfect lesson unit energy leave continue absolute joke,negative,"['bleep', 'go', 'energy', 'bar', 'thing', 'ridiculous', 'full', 'unit', 'get', 'lesson', 'take', 'bar', 'away', 'every', 'correct', 'answer', 'perfect', 'lesson', 'unit', 'energy', 'leave', 'continue', 'absolute', 'joke']","['bleep', 'go', 'energy', 'bar', 'thing', 'ridiculous', 'full', 'unit', 'get', 'lesson', 'take', 'bar', 'away', 'every', 'correct', 'answer', 'perfect', 'lesson', 'unit', 'energy', 'leave', 'continue', 'absolute', 'joke']"
thanks duolingo saw random statement say french without even realize,thanks duolingo saw random statement say french without even realize,positive,"['thanks', 'duolingo', 'saw', 'random', 'statement', 'say', 'french', 'without', 'even', 'realize']","['thanks', 'duolingo', 'saw', 'random', 'statement', 'say', 'french', 'without', 'even', 'realize']"
thanks get well elo,thanks get well elo,positive,"['thanks', 'get', 'well', 'elo']","['thanks', 'get', 'well', 'elo']"
What is the longest relationship you have been in For me its my Duolingo streak day streak its still going strong It even showers me with compliments telling me that I am flawless brilliant If only I could find a husband who thinks of me as highly as Duolingo does,long relationship duolingo streak day streak still go strong even shower compliment tell flawless brilliant only could find husband think highly duolingo,positive,"['long', 'relationship', 'duolingo', 'streak', 'day', 'streak', 'still', 'go', 'strong', 'even', 'shower', 'compliment', 'tell', 'flawless', 'brilliant', 'only', 'could', 'find', 'husband', 'think', 'highly', 'duolingo']","['long', 'relationship', 'duolingo', 'streak', 'day', 'streak', 'still', 'go', 'strong', 'even', 'shower', 'compliment', 'tell', 'flawless', 'brilliant', 'only', 'could', 'find', 'husband', 'think', 'highly', 'duolingo']"
Guys I am learning French on Duolingo I am going to become a genius in French Wish me luck I hope the bird does not harass me every day because I do not want to study French,guy learn french duolingo go become genius french wish luck hope bird not not_harass harass every day not not_want want study french,positive,"['guy', 'learn', 'french', 'duolingo', 'go', 'become', 'genius', 'french', 'wish', 'luck', 'hope', 'bird', 'not', 'harass', 'every', 'day', 'not', 'want', 'study', 'french']","['guy', 'learn', 'french', 'duolingo', 'go', 'become', 'genius', 'french', 'wish', 'luck', 'hope', 'bird', 'not', 'not_harass', 'harass', 'every', 'day', 'not', 'not_want', 'want', 'study', 'french']"
DUOLINGO IS FINALLY TEACHING Such inspiring words,duolingo finally teach inspire word,positive,"['duolingo', 'finally', 'teach', 'inspire', 'word']","['duolingo', 'finally', 'teach', 'inspire', 'word']"
want encourage free learner quit use duolingo go right way time restriction,want encourage free learner quit use duolingo go right way time restriction,negative,"['want', 'encourage', 'free', 'learner', 'quit', 'use', 'duolingo', 'go', 'right', 'way', 'time', 'restriction']","['want', 'encourage', 'free', 'learner', 'quit', 'use', 'duolingo', 'go', 'right', 'way', 'time', 'restriction']"
duolingo anime would be so fun cannot wait,duolingo anime would so fun can not not_wait wait,positive,"['duolingo', 'anime', 'would', 'so', 'fun', 'can', 'not', 'wait']","['duolingo', 'anime', 'would', 'so', 'fun', 'can', 'not', 'not_wait', 'wait']"
duolingo chess actually is very good,duolingo chess actually very good,positive,"['duolingo', 'chess', 'actually', 'very', 'good']","['duolingo', 'chess', 'actually', 'very', 'good']"
uninstalled app congrats make borderline unusable power innovation come,uninstalled app congrats make borderline unusable power innovation come,negative,"['uninstalled', 'app', 'congrats', 'make', 'borderline', 'unusable', 'power', 'innovation', 'come']","['uninstalled', 'app', 'congrats', 'make', 'borderline', 'unusable', 'power', 'innovation', 'come']"
Duolingo ads are so interesting to see,duolingo ad so interest see,positive,"['duolingo', 'ad', 'so', 'interest', 'see']","['duolingo', 'ad', 'so', 'interest', 'see']"
wow cool day streak duolingo actually much fun already start work write little really want keep improve practice seriously also recognize word show song amaze start click wait course start love connect others keep learn together,wow cool day streak duolingo actually much fun already start work write little really want keep improve practice seriously also recognize word show song amaze start click wait course start love connect others keep learn together,positive,"['wow', 'cool', 'day', 'streak', 'duolingo', 'actually', 'much', 'fun', 'already', 'start', 'work', 'write', 'little', 'really', 'want', 'keep', 'improve', 'practice', 'seriously', 'also', 'recognize', 'word', 'show', 'song', 'amaze', 'start', 'click', 'wait', 'course', 'start', 'love', 'connect', 'others', 'keep', 'learn', 'together']","['wow', 'cool', 'day', 'streak', 'duolingo', 'actually', 'much', 'fun', 'already', 'start', 'work', 'write', 'little', 'really', 'want', 'keep', 'improve', 'practice', 'seriously', 'also', 'recognize', 'word', 'show', 'song', 'amaze', 'start', 'click', 'wait', 'course', 'start', 'love', 'connect', 'others', 'keep', 'learn', 'together']"
keep bird happy sound,keep bird happy sound,positive,"['keep', 'bird', 'happy', 'sound']","['keep', 'bird', 'happy', 'sound']"
duolingo thesis might best work yet bold genuinely original,duolingo thesis might best work yet bold genuinely original,positive,"['duolingo', 'thesis', 'might', 'best', 'work', 'yet', 'bold', 'genuinely', 'original']","['duolingo', 'thesis', 'might', 'best', 'work', 'yet', 'bold', 'genuinely', 'original']"
duolingo is language learning app i thought it was funny counter widget on my phone,duolingo language learn app think funny counter widget phone,positive,"['duolingo', 'language', 'learn', 'app', 'think', 'funny', 'counter', 'widget', 'phone']","['duolingo', 'language', 'learn', 'app', 'think', 'funny', 'counter', 'widget', 'phone']"
please bring back heart system want energy battery,please bring back heart system want energy battery,negative,"['please', 'bring', 'back', 'heart', 'system', 'want', 'energy', 'battery']","['please', 'bring', 'back', 'heart', 'system', 'want', 'energy', 'battery']"
Im learning Czech on Duolingo Its free fun and effective this is fun Memory improvement brain workout after coma,learn czech duolingo free fun effective fun memory improvement brain workout coma,positive,"['learn', 'czech', 'duolingo', 'free', 'fun', 'effective', 'fun', 'memory', 'improvement', 'brain', 'workout', 'coma']","['learn', 'czech', 'duolingo', 'free', 'fun', 'effective', 'fun', 'memory', 'improvement', 'brain', 'workout', 'coma']"
My motivation to keep going this week The high fives and comments on,motivation keep go week high five comment,positive,"['motivation', 'keep', 'go', 'week', 'high', 'five', 'comment']","['motivation', 'keep', 'go', 'week', 'high', 'five', 'comment']"
fuck duolingo man wtf energy bullshit,fuck duolingo man fuck energy bullshit,negative,"['fuck', 'duolingo', 'man', 'fuck', 'energy', 'bullshit']","['fuck', 'duolingo', 'man', 'fuck', 'energy', 'bullshit']"
I really love this Duolingo app with my baby It helps her with readingwriting English while learning Spanish,really love duolingo app baby help readingwriting english learn spanish,positive,"['really', 'love', 'duolingo', 'app', 'baby', 'help', 'readingwriting', 'english', 'learn', 'spanish']","['really', 'love', 'duolingo', 'app', 'baby', 'help', 'readingwriting', 'english', 'learn', 'spanish']"
complete day lesson duolingo,complete day lesson duolingo,neutral,"['complete', 'day', 'lesson', 'duolingo']","['complete', 'day', 'lesson', 'duolingo']"
start duolingo spot multiple mistake one lesson lesson fine disappoint,start duolingo spot multiple mistake one lesson lesson fine disappoint,negative,"['start', 'duolingo', 'spot', 'multiple', 'mistake', 'one', 'lesson', 'lesson', 'fine', 'disappoint']","['start', 'duolingo', 'spot', 'multiple', 'mistake', 'one', 'lesson', 'lesson', 'fine', 'disappoint']"
please save streak,please save streak,negative,"['please', 'save', 'streak']","['please', 'save', 'streak']"
day duolingo learn ensalada,day duolingo learn ensalada,neutral,"['day', 'duolingo', 'learn', 'ensalada']","['day', 'duolingo', 'learn', 'ensalada']"
day spanish lesson miss deadline hackathon complete project time plan start new hackathon miss deadline,day spanish lesson miss deadline hackathon complete project time plan start new hackathon miss deadline,neutral,"['day', 'spanish', 'lesson', 'miss', 'deadline', 'hackathon', 'complete', 'project', 'time', 'plan', 'start', 'new', 'hackathon', 'miss', 'deadline']","['day', 'spanish', 'lesson', 'miss', 'deadline', 'hackathon', 'complete', 'project', 'time', 'plan', 'start', 'new', 'hackathon', 'miss', 'deadline']"
use duolingo learn language first mistake,use duolingo learn language first mistake,negative,"['use', 'duolingo', 'learn', 'language', 'first', 'mistake']","['use', 'duolingo', 'learn', 'language', 'first', 'mistake']"
yes event arknights andoain get mpregged eldritch horror subsequently births duolingo bird federico defeat glitching machine god use power autism read btw,yes event arknights andoain get mpregged eldritch horror subsequently births duolingo bird federico defeat glitching machine god use power autism read btw,neutral,"['yes', 'event', 'arknights', 'andoain', 'get', 'mpregged', 'eldritch', 'horror', 'subsequently', 'births', 'duolingo', 'bird', 'federico', 'defeat', 'glitching', 'machine', 'god', 'use', 'power', 'autism', 'read', 'btw']","['yes', 'event', 'arknights', 'andoain', 'get', 'mpregged', 'eldritch', 'horror', 'subsequently', 'births', 'duolingo', 'bird', 'federico', 'defeat', 'glitching', 'machine', 'god', 'use', 'power', 'autism', 'read', 'btw']"
sigh i still have to do duolingo,sigh still duolingo,neutral,"['sigh', 'still', 'duolingo']","['sigh', 'still', 'duolingo']"
my duolingo dutch score is,duolingo dutch score,neutral,"['duolingo', 'dutch', 'score']","['duolingo', 'dutch', 'score']"
learn english with duolingo,learn english duolingo,positive,"['learn', 'english', 'duolingo']","['learn', 'english', 'duolingo']"
Should I pay for Duolingo or get the free version I hate ads,should pay duolingo get free version hate ad,neutral,"['should', 'pay', 'duolingo', 'get', 'free', 'version', 'hate', 'ad']","['should', 'pay', 'duolingo', 'get', 'free', 'version', 'hate', 'ad']"
add russian duolingo language,add russian duolingo language,neutral,"['add', 'russian', 'duolingo', 'language']","['add', 'russian', 'duolingo', 'language']"
funny idea concept criollo argentinian term latino drama wuzzing white one arabized arab nation mixed arab hope understand duolingo back,funny idea concept criollo argentinian term latino drama wuzzing white one arabized arab nation mixed arab hope understand duolingo back,neutral,"['funny', 'idea', 'concept', 'criollo', 'argentinian', 'term', 'latino', 'drama', 'wuzzing', 'white', 'one', 'arabized', 'arab', 'nation', 'mixed', 'arab', 'hope', 'understand', 'duolingo', 'back']","['funny', 'idea', 'concept', 'criollo', 'argentinian', 'term', 'latino', 'drama', 'wuzzing', 'white', 'one', 'arabized', 'arab', 'nation', 'mixed', 'arab', 'hope', 'understand', 'duolingo', 'back']"
revisit duolingo along time forget pfp,revisit duolingo along time forget pfp,neutral,"['revisit', 'duolingo', 'along', 'time', 'forget', 'pfp']","['revisit', 'duolingo', 'along', 'time', 'forget', 'pfp']"
please save streak,please save streak,negative,"['please', 'save', 'streak']","['please', 'save', 'streak']"
hey come back please save streak,hey come back please save streak,negative,"['hey', 'come', 'back', 'please', 'save', 'streak']","['hey', 'come', 'back', 'please', 'save', 'streak']"
give back perfect streak maintenance,give back perfect streak maintenance,negative,"['give', 'back', 'perfect', 'streak', 'maintenance']","['give', 'back', 'perfect', 'streak', 'maintenance']"
i downloaded duolingo for the time,download duolingo time,positive,"['download', 'duolingo', 'time']","['download', 'duolingo', 'time']"
My Duolingo goal is days I ditched French for Spanish It is just easier for me Vamos,duolingo goal day ditch french spanish just easy vamos,neutral,"['duolingo', 'goal', 'day', 'ditch', 'french', 'spanish', 'just', 'easy', 'vamos']","['duolingo', 'goal', 'day', 'ditch', 'french', 'spanish', 'just', 'easy', 'vamos']"
hey duolingo want learn french native french speaker still muslim african voice purchase subscription,hey duolingo want learn french native french speaker still muslim african voice purchase subscription,neutral,"['hey', 'duolingo', 'want', 'learn', 'french', 'native', 'french', 'speaker', 'still', 'muslim', 'african', 'voice', 'purchase', 'subscription']","['hey', 'duolingo', 'want', 'learn', 'french', 'native', 'french', 'speaker', 'still', 'muslim', 'african', 'voice', 'purchase', 'subscription']"
me after extending my streak on duolingo,extend streak duolingo,positive,"['extend', 'streak', 'duolingo']","['extend', 'streak', 'duolingo']"
see support option app,see support option app,negative,"['see', 'support', 'option', 'app']","['see', 'support', 'option', 'app']"
I have learned Duolingo to the extent that I know that Boisson means drink Where is the said lady now these days,learn duolingo extent know boisson mean drink say lady day,positive,"['learn', 'duolingo', 'extent', 'know', 'boisson', 'mean', 'drink', 'say', 'lady', 'day']","['learn', 'duolingo', 'extent', 'know', 'boisson', 'mean', 'drink', 'say', 'lady', 'day']"
fort might duolingo like hoomum fink speak italian really know order peeja,fort might duolingo like hoomum fink speak italian really know order peeja,neutral,"['fort', 'might', 'duolingo', 'like', 'hoomum', 'fink', 'speak', 'italian', 'really', 'know', 'order', 'peeja']","['fort', 'might', 'duolingo', 'like', 'hoomum', 'fink', 'speak', 'italian', 'really', 'know', 'order', 'peeja']"
complete october challenge faster learner duolingo,complete october challenge faster learner duolingo,positive,"['complete', 'october', 'challenge', 'faster', 'learner', 'duolingo']","['complete', 'october', 'challenge', 'faster', 'learner', 'duolingo']"
Duo I accidentally unfollowed my friend and we lost our something day streak Help,duo accidentally unfollowed friend lose something day streak help,negative,"['duo', 'accidentally', 'unfollowed', 'friend', 'lose', 'something', 'day', 'streak', 'help']","['duo', 'accidentally', 'unfollowed', 'friend', 'lose', 'something', 'day', 'streak', 'help']"
what day duolingo streak does to a mf,day duolingo streak mf,positive,"['day', 'duolingo', 'streak', 'mf']","['day', 'duolingo', 'streak', 'mf']"
on my Duolingo test Im basically Einstein,duolingo test basically einstein,positive,"['duolingo', 'test', 'basically', 'einstein']","['duolingo', 'test', 'basically', 'einstein']"
need french girlfriend duolingo,need french girlfriend duolingo,neutral,"['need', 'french', 'girlfriend', 'duolingo']","['need', 'french', 'girlfriend', 'duolingo']"
university friends master chess influence learn game see week home brother play chess beginner duolingo moral story sibling strong hand,university friend master chess influence learn game see week home brother play chess beginner duolingo moral story sibling strong hand,neutral,"['university', 'friend', 'master', 'chess', 'influence', 'learn', 'game', 'see', 'week', 'home', 'brother', 'play', 'chess', 'beginner', 'duolingo', 'moral', 'story', 'sibling', 'strong', 'hand']","['university', 'friend', 'master', 'chess', 'influence', 'learn', 'game', 'see', 'week', 'home', 'brother', 'play', 'chess', 'beginner', 'duolingo', 'moral', 'story', 'sibling', 'strong', 'hand']"
hope break attitude towards user service status explanation whatsoever yesterday incident,hope break attitude towards user service status explanation whatsoever yesterday incident,negative,"['hope', 'break', 'attitude', 'towards', 'user', 'service', 'status', 'explanation', 'whatsoever', 'yesterday', 'incident']","['hope', 'break', 'attitude', 'towards', 'user', 'service', 'status', 'explanation', 'whatsoever', 'yesterday', 'incident']"
that s amazing i hv a commitment issue when it comes to duolingo,amaze hv commitment issue come duolingo,positive,"['amaze', 'hv', 'commitment', 'issue', 'come', 'duolingo']","['amaze', 'hv', 'commitment', 'issue', 'come', 'duolingo']"
work so boring i am hitting a duolingo streak instead,work so bore hit duolingo streak instead,positive,"['work', 'so', 'bore', 'hit', 'duolingo', 'streak', 'instead']","['work', 'so', 'bore', 'hit', 'duolingo', 'streak', 'instead']"
my friend Marcus was sad to not get any meaningful recognition from the owl for his days streak so I made him a video with,friend marcus sad not not_get get meaningful recognition owl day streak so make video,positive,"['friend', 'marcus', 'sad', 'not', 'get', 'meaningful', 'recognition', 'owl', 'day', 'streak', 'so', 'make', 'video']","['friend', 'marcus', 'sad', 'not', 'not_get', 'get', 'meaningful', 'recognition', 'owl', 'day', 'streak', 'so', 'make', 'video']"
Please duolingo Just get me to by the end of this this month or more sections before I can try using Japanese for real life usage and not just tourism,please duolingo just get end month more section can try use japanese real life usage not not_just just tourism,positive,"['please', 'duolingo', 'just', 'get', 'end', 'month', 'more', 'section', 'can', 'try', 'use', 'japanese', 'real', 'life', 'usage', 'not', 'just', 'tourism']","['please', 'duolingo', 'just', 'get', 'end', 'month', 'more', 'section', 'can', 'try', 'use', 'japanese', 'real', 'life', 'usage', 'not', 'not_just', 'just', 'tourism']"
learn streak register zero mean gestapo take,learn streak register zero mean gestapo take,neutral,"['learn', 'streak', 'register', 'zero', 'mean', 'gestapo', 'take']","['learn', 'streak', 'register', 'zero', 'mean', 'gestapo', 'take']"
check progress learn spanish duolingo complete whole spanish language duolingo current score next appreciation give though,check progress learn spanish duolingo complete whole spanish language duolingo current score next appreciation give though,neutral,"['check', 'progress', 'learn', 'spanish', 'duolingo', 'complete', 'whole', 'spanish', 'language', 'duolingo', 'current', 'score', 'next', 'appreciation', 'give', 'though']","['check', 'progress', 'learn', 'spanish', 'duolingo', 'complete', 'whole', 'spanish', 'language', 'duolingo', 'current', 'score', 'next', 'appreciation', 'give', 'though']"
duolingo french score,duolingo french score,neutral,"['duolingo', 'french', 'score']","['duolingo', 'french', 'score']"
piss dehydrate lose duolingo streak nothing eat damn room pas,piss dehydrate lose duolingo streak nothing nothing_eat eat damn room pa,negative,"['piss', 'dehydrate', 'lose', 'duolingo', 'streak', 'nothing', 'eat', 'damn', 'room', 'pa']","['piss', 'dehydrate', 'lose', 'duolingo', 'streak', 'nothing', 'nothing_eat', 'eat', 'damn', 'room', 'pa']"
lose duolingo streak,lose duolingo streak,negative,"['lose', 'duolingo', 'streak']","['lose', 'duolingo', 'streak']"
Im glad i know what this means my Duolingo lessons paying off,glad know mean duolingo lesson pay,positive,"['glad', 'know', 'mean', 'duolingo', 'lesson', 'pay']","['glad', 'know', 'mean', 'duolingo', 'lesson', 'pay']"
dear owl bad math,dear owl bad math,negative,"['dear', 'owl', 'bad', 'math']","['dear', 'owl', 'bad', 'math']"
wait havent do duolingo,wait not not_duolingo duolingo,neutral,"['wait', 'not', 'duolingo']","['wait', 'not', 'not_duolingo', 'duolingo']"
Oh this is why I could not do Duolingo earlier,oh could not not_duolingo duolingo earlier,neutral,"['oh', 'could', 'not', 'duolingo', 'earlier']","['oh', 'could', 'not', 'not_duolingo', 'duolingo', 'earlier']"
complete october challenge faster learner duolingo,complete october challenge faster learner duolingo,positive,"['complete', 'october', 'challenge', 'faster', 'learner', 'duolingo']","['complete', 'october', 'challenge', 'faster', 'learner', 'duolingo']"
you can start learning the basics from duolingo then try to teach yourself by online grammar and vocab books,can start learn basic duolingo try teach online grammar vocab book,neutral,"['can', 'start', 'learn', 'basic', 'duolingo', 'try', 'teach', 'online', 'grammar', 'vocab', 'book']","['can', 'start', 'learn', 'basic', 'duolingo', 'try', 'teach', 'online', 'grammar', 'vocab', 'book']"
stop duolingo make use learn anywhere else,stop duolingo make use learn anywhere else,negative,"['stop', 'duolingo', 'make', 'use', 'learn', 'anywhere', 'else']","['stop', 'duolingo', 'make', 'use', 'learn', 'anywhere', 'else']"
appear work realize spending far time make program well mobile device find learn lot window,appear work realize spend far time make program well mobile device find learn lot window,negative,"['appear', 'work', 'realize', 'spend', 'far', 'time', 'make', 'program', 'well', 'mobile', 'device', 'find', 'learn', 'lot', 'window']","['appear', 'work', 'realize', 'spend', 'far', 'time', 'make', 'program', 'well', 'mobile', 'device', 'find', 'learn', 'lot', 'window']"
Celebrating a day streak practicing with the Duolingo app C est bonne,celebrate day streak practice duolingo app est bonne,positive,"['celebrate', 'day', 'streak', 'practice', 'duolingo', 'app', 'est', 'bonne']","['celebrate', 'day', 'streak', 'practice', 'duolingo', 'app', 'est', 'bonne']"
The first thing that comes to mind is that dumbass Duolingo anime ad where they have a Sailor Moon reference right away So uninspired and such a nostalgia cash grab,first thing come mind dumbass duolingo anime ad sailor moon reference right away so uninspired nostalgia cash grab,negative,"['first', 'thing', 'come', 'mind', 'dumbass', 'duolingo', 'anime', 'ad', 'sailor', 'moon', 'reference', 'right', 'away', 'so', 'uninspired', 'nostalgia', 'cash', 'grab']","['first', 'thing', 'come', 'mind', 'dumbass', 'duolingo', 'anime', 'ad', 'sailor', 'moon', 'reference', 'right', 'away', 'so', 'uninspired', 'nostalgia', 'cash', 'grab']"
luis von ahn explains turn guilt engagement tell user stop send reminder people suddenly come back,luis von ahn explain turn guilt engagement tell user stop send reminder people suddenly come back,neutral,"['luis', 'von', 'ahn', 'explain', 'turn', 'guilt', 'engagement', 'tell', 'user', 'stop', 'send', 'reminder', 'people', 'suddenly', 'come', 'back']","['luis', 'von', 'ahn', 'explain', 'turn', 'guilt', 'engagement', 'tell', 'user', 'stop', 'send', 'reminder', 'people', 'suddenly', 'come', 'back']"
one thing like mascot interest way put face brand nail long time easy great one redesign mascot use meet beanie find many place website onboarding email even think create financial education youtube channel base character,one thing like mascot interest way put face brand nail long time easy great one redesign mascot use meet beanie find many place website onboarding email even think create financial education youtube channel base character,positive,"['one', 'thing', 'like', 'mascot', 'interest', 'way', 'put', 'face', 'brand', 'nail', 'long', 'time', 'easy', 'great', 'one', 'redesign', 'mascot', 'use', 'meet', 'beanie', 'find', 'many', 'place', 'website', 'onboarding', 'email', 'even', 'think', 'create', 'financial', 'education', 'youtube', 'channel', 'base', 'character']","['one', 'thing', 'like', 'mascot', 'interest', 'way', 'put', 'face', 'brand', 'nail', 'long', 'time', 'easy', 'great', 'one', 'redesign', 'mascot', 'use', 'meet', 'beanie', 'find', 'many', 'place', 'website', 'onboarding', 'email', 'even', 'think', 'create', 'financial', 'education', 'youtube', 'channel', 'base', 'character']"
imagine duolingo make real life learn language real cultural moment text,imagine duolingo make real life learn language real cultural moment text,neutral,"['imagine', 'duolingo', 'make', 'real', 'life', 'learn', 'language', 'real', 'cultural', 'moment', 'text']","['imagine', 'duolingo', 'make', 'real', 'life', 'learn', 'language', 'real', 'cultural', 'moment', 'text']"
learn chess duolingo tunde guy start shake cause learn well challenge,learn chess duolingo tunde guy start shake learn well challenge,neutral,"['learn', 'chess', 'duolingo', 'tunde', 'guy', 'start', 'shake', 'learn', 'well', 'challenge']","['learn', 'chess', 'duolingo', 'tunde', 'guy', 'start', 'shake', 'learn', 'well', 'challenge']"
duolingo get well,duolingo get well,positive,"['duolingo', 'get', 'well']","['duolingo', 'get', 'well']"
Duolingo episode would have made me want to kill myself if this was a finale to a show I was genuinely invested in and was not watching for the LOLs That is all I will say about it,duolingo episode would make want kill finale show genuinely invest not not_watch watch lols will say,negative,"['duolingo', 'episode', 'would', 'make', 'want', 'kill', 'finale', 'show', 'genuinely', 'invest', 'not', 'watch', 'lols', 'will', 'say']","['duolingo', 'episode', 'would', 'make', 'want', 'kill', 'finale', 'show', 'genuinely', 'invest', 'not', 'not_watch', 'watch', 'lols', 'will', 'say']"
Okay chill no need to get mad here I will do my lessons bro PS this type of gimmicks work actually makes you feel like you are letting someone down I will not let you down chill,okay chill no no_need need get mad will lesson bro ps type gimmick work actually make feel like let someone will not not_let let chill,positive,"['okay', 'chill', 'no', 'need', 'get', 'mad', 'will', 'lesson', 'bro', 'ps', 'type', 'gimmick', 'work', 'actually', 'make', 'feel', 'like', 'let', 'someone', 'will', 'not', 'let', 'chill']","['okay', 'chill', 'no', 'no_need', 'need', 'get', 'mad', 'will', 'lesson', 'bro', 'ps', 'type', 'gimmick', 'work', 'actually', 'make', 'feel', 'like', 'let', 'someone', 'will', 'not', 'not_let', 'let', 'chill']"
duolingo ally,duolingo ally,neutral,"['duolingo', 'ally']","['duolingo', 'ally']"
duolingo english score,duolingo english score,neutral,"['duolingo', 'english', 'score']","['duolingo', 'english', 'score']"
cousin get email duolingo naturally make meme,cousin get email duolingo naturally make meme,positive,"['cousin', 'get', 'email', 'duolingo', 'naturally', 'make', 'meme']","['cousin', 'get', 'email', 'duolingo', 'naturally', 'make', 'meme']"
Imagine losing your Duolingo streak cause the clocks moved forward an hour,imagine lose duolingo streak clock move forward hour,neutral,"['imagine', 'lose', 'duolingo', 'streak', 'clock', 'move', 'forward', 'hour']","['imagine', 'lose', 'duolingo', 'streak', 'clock', 'move', 'forward', 'hour']"
fire baby,fire baby,positive,"['fire', 'baby']","['fire', 'baby']"
duolingo teach language communicate others teach communicate try equanima like language learn inner world,duolingo teach language communicate others teach communicate try equanima like language learn inner world,neutral,"['duolingo', 'teach', 'language', 'communicate', 'others', 'teach', 'communicate', 'try', 'equanima', 'like', 'language', 'learn', 'inner', 'world']","['duolingo', 'teach', 'language', 'communicate', 'others', 'teach', 'communicate', 'try', 'equanima', 'like', 'language', 'learn', 'inner', 'world']"
lemme see home screen look duolingo,let see home screen look duolingo,neutral,"['let', 'see', 'home', 'screen', 'look', 'duolingo']","['let', 'see', 'home', 'screen', 'look', 'duolingo']"
brian french sexy omg add french duolingo,brian french sexy oh god add french duolingo,positive,"['brian', 'french', 'sexy', 'oh', 'god', 'add', 'french', 'duolingo']","['brian', 'french', 'sexy', 'oh', 'god', 'add', 'french', 'duolingo']"
wtf is this duolingo what is wrong with you,fuck duolingo wrong,negative,"['fuck', 'duolingo', 'wrong']","['fuck', 'duolingo', 'wrong']"
fuck duolingo train without headphone,fuck duolingo train without headphone,negative,"['fuck', 'duolingo', 'train', 'without', 'headphone']","['fuck', 'duolingo', 'train', 'without', 'headphone']"
issue bet forget try later work,issue bet forget try later work,negative,"['issue', 'bet', 'forget', 'try', 'later', 'work']","['issue', 'bet', 'forget', 'try', 'later', 'work']"
always say tell fluent duolingo great read write much speaking solid symbol grammar conversation yet,always say tell fluent duolingo great read write much speak solid symbol grammar conversation yet,neutral,"['always', 'say', 'tell', 'fluent', 'duolingo', 'great', 'read', 'write', 'much', 'speak', 'solid', 'symbol', 'grammar', 'conversation', 'yet']","['always', 'say', 'tell', 'fluent', 'duolingo', 'great', 'read', 'write', 'much', 'speak', 'solid', 'symbol', 'grammar', 'conversation', 'yet']"
duolingo creatine learning language,duolingo creatine learning language,positive,"['duolingo', 'creatine', 'learning', 'language']","['duolingo', 'creatine', 'learning', 'language']"
lmao even duolingo trend know officially viral,laugh even duolingo trend know officially viral,positive,"['laugh', 'even', 'duolingo', 'trend', 'know', 'officially', 'viral']","['laugh', 'even', 'duolingo', 'trend', 'know', 'officially', 'viral']"
thanks xai trained catch linguistic easter egg engage chat ikke banan clever nod steer clear slip ups nordic pick duolingo sparks query country policy language fire away,thanks xai trained catch linguistic easter egg engage chat ikke banan clever nod steer clear slip ups nordic pick duolingo spark query country policy language fire away,neutral,"['thanks', 'xai', 'trained', 'catch', 'linguistic', 'easter', 'egg', 'engage', 'chat', 'ikke', 'banan', 'clever', 'nod', 'steer', 'clear', 'slip', 'ups', 'nordic', 'pick', 'duolingo', 'spark', 'query', 'country', 'policy', 'language', 'fire', 'away']","['thanks', 'xai', 'trained', 'catch', 'linguistic', 'easter', 'egg', 'engage', 'chat', 'ikke', 'banan', 'clever', 'nod', 'steer', 'clear', 'slip', 'ups', 'nordic', 'pick', 'duolingo', 'spark', 'query', 'country', 'policy', 'language', 'fire', 'away']"
duolingo do absolute minimum keep streak go,duolingo absolute minimum keep streak go,neutral,"['duolingo', 'absolute', 'minimum', 'keep', 'streak', 'go']","['duolingo', 'absolute', 'minimum', 'keep', 'streak', 'go']"
I m curious too btw if that a legit contact or not,curious too btw legit contact not,neutral,"['curious', 'too', 'btw', 'legit', 'contact', 'not']","['curious', 'too', 'btw', 'legit', 'contact', 'not']"
Duolingo says it will never open a San Francisco office,duolingo say will never never_open open san francisco office,neutral,"['duolingo', 'say', 'will', 'never', 'open', 'san', 'francisco', 'office']","['duolingo', 'say', 'will', 'never', 'never_open', 'open', 'san', 'francisco', 'office']"
king queen yesterday major aws outage freeze half internet platform like coinbase snapchat roblox canva duolingo affect cloud never mean own one company building computefi adecentralized unstoppable compute future outage pause quick update talus lab building premier infra agent fuse prediction market aster live goat network bitdealer announce partnership meteoraag alms make productive tvl katana even efficient peaq launch new evm explorer peaqscan good day,king queen yesterday major aws outage freeze half internet platform like coinbase snapchat roblox canva duolingo affect cloud never never_mean mean one company building computefi adecentralized unstoppable compute future outage pause quick update talus lab build premier infra agent fuse prediction market aster live goat network bitdealer announce partnership meteoraag alms make productive tvl katana even efficient peaq launch new evm explorer peaqscan good day,neutral,"['king', 'queen', 'yesterday', 'major', 'aws', 'outage', 'freeze', 'half', 'internet', 'platform', 'like', 'coinbase', 'snapchat', 'roblox', 'canva', 'duolingo', 'affect', 'cloud', 'never', 'mean', 'one', 'company', 'building', 'computefi', 'adecentralized', 'unstoppable', 'compute', 'future', 'outage', 'pause', 'quick', 'update', 'talus', 'lab', 'build', 'premier', 'infra', 'agent', 'fuse', 'prediction', 'market', 'aster', 'live', 'goat', 'network', 'bitdealer', 'announce', 'partnership', 'meteoraag', 'alms', 'make', 'productive', 'tvl', 'katana', 'even', 'efficient', 'peaq', 'launch', 'new', 'evm', 'explorer', 'peaqscan', 'good', 'day']","['king', 'queen', 'yesterday', 'major', 'aws', 'outage', 'freeze', 'half', 'internet', 'platform', 'like', 'coinbase', 'snapchat', 'roblox', 'canva', 'duolingo', 'affect', 'cloud', 'never', 'never_mean', 'mean', 'one', 'company', 'building', 'computefi', 'adecentralized', 'unstoppable', 'compute', 'future', 'outage', 'pause', 'quick', 'update', 'talus', 'lab', 'build', 'premier', 'infra', 'agent', 'fuse', 'prediction', 'market', 'aster', 'live', 'goat', 'network', 'bitdealer', 'announce', 'partnership', 'meteoraag', 'alms', 'make', 'productive', 'tvl', 'katana', 'even', 'efficient', 'peaq', 'launch', 'new', 'evm', 'explorer', 'peaqscan', 'good', 'day']"
one aws outage take coinbase duolingo snapchat roblox offline reminder still run internet rent server own single company one failure everything stop solve computefi idea simple compute centralize decentralize verifiable unstoppable,one aws outage take coinbase duolingo snapchat roblox offline reminder still run internet rent server single company one failure everything stop solve computefi idea simple compute centralize decentralize verifiable unstoppable,neutral,"['one', 'aws', 'outage', 'take', 'coinbase', 'duolingo', 'snapchat', 'roblox', 'offline', 'reminder', 'still', 'run', 'internet', 'rent', 'server', 'single', 'company', 'one', 'failure', 'everything', 'stop', 'solve', 'computefi', 'idea', 'simple', 'compute', 'centralize', 'decentralize', 'verifiable', 'unstoppable']","['one', 'aws', 'outage', 'take', 'coinbase', 'duolingo', 'snapchat', 'roblox', 'offline', 'reminder', 'still', 'run', 'internet', 'rent', 'server', 'single', 'company', 'one', 'failure', 'everything', 'stop', 'solve', 'computefi', 'idea', 'simple', 'compute', 'centralize', 'decentralize', 'verifiable', 'unstoppable']"
I am building Duolingo For Tech Skills in africa whoch combines our experiences learning tech and provides students and young professions a structured platform to learn we actually applied for investment from you guys and also shot y all an email hoping to hear from y all soon,build duolingo tech skill africa whoch combine experience learn tech provide student young profession structured platform learn actually apply investment guy also shot email hoping hear soon,neutral,"['build', 'duolingo', 'tech', 'skill', 'africa', 'whoch', 'combine', 'experience', 'learn', 'tech', 'provide', 'student', 'young', 'profession', 'structured', 'platform', 'learn', 'actually', 'apply', 'investment', 'guy', 'also', 'shot', 'email', 'hoping', 'hear', 'soon']","['build', 'duolingo', 'tech', 'skill', 'africa', 'whoch', 'combine', 'experience', 'learn', 'tech', 'provide', 'student', 'young', 'profession', 'structured', 'platform', 'learn', 'actually', 'apply', 'investment', 'guy', 'also', 'shot', 'email', 'hoping', 'hear', 'soon']"
Is that like Duolingo,like duolingo,neutral,"['like', 'duolingo']","['like', 'duolingo']"
Forget snapchat a friend and I completed a day streak on Duolingo,forget snapchat friend complete day streak duolingo,neutral,"['forget', 'snapchat', 'friend', 'complete', 'day', 'streak', 'duolingo']","['forget', 'snapchat', 'friend', 'complete', 'day', 'streak', 'duolingo']"
Learning Deutsch on Duolingo Twinsies,learn deutsch duolingo twinsies,positive,"['learn', 'deutsch', 'duolingo', 'twinsies']","['learn', 'deutsch', 'duolingo', 'twinsies']"
nan,nan,,['nan'],['nan']
I am working on a large list of stocks that I want to buy during the next bear market a first taste DUOLINGO,work large list stock want buy next bear market first taste duolingo,neutral,"['work', 'large', 'list', 'stock', 'want', 'buy', 'next', 'bear', 'market', 'first', 'taste', 'duolingo']","['work', 'large', 'list', 'stock', 'want', 'buy', 'next', 'bear', 'market', 'first', 'taste', 'duolingo']"
mine as well,mine well,neutral,"['mine', 'well']","['mine', 'well']"
what language you learning,language learn,neutral,"['language', 'learn']","['language', 'learn']"
do not do duolingo drunk,not not_duolingo duolingo drink,neutral,"['not', 'duolingo', 'drink']","['not', 'not_duolingo', 'duolingo', 'drink']"
based,base,neutral,['base'],['base']
is that like duolingo,like duolingo,neutral,"['like', 'duolingo']","['like', 'duolingo']"
Padayon Gumoni Nienie Have you been catching up on duolingo as well,padayon gumoni nienie catch duolingo well,neutral,"['padayon', 'gumoni', 'nienie', 'catch', 'duolingo', 'well']","['padayon', 'gumoni', 'nienie', 'catch', 'duolingo', 'well']"
My Duolingo French Score is,duolingo french score,neutral,"['duolingo', 'french', 'score']","['duolingo', 'french', 'score']"
My japanese score is,japanese score,neutral,"['japanese', 'score']","['japanese', 'score']"
lion should be downloaded though,lion should download though,neutral,"['lion', 'should', 'download', 'though']","['lion', 'should', 'download', 'though']"
just change date on ur phone,just change date phone,neutral,"['just', 'change', 'date', 'phone']","['just', 'change', 'date', 'phone']"
i might ratio duolingo japan,might ratio duolingo japan,neutral,"['might', 'ratio', 'duolingo', 'japan']","['might', 'ratio', 'duolingo', 'japan']"
hey also i saved my streak for today and unfroze the streak an hour ago or something and now i check it it says that my streak is still frozen from yesterday the hell is going on,hey also save streak today unfreeze streak hour ago something check say streak still freeze yesterday hell go,negative,"['hey', 'also', 'save', 'streak', 'today', 'unfreeze', 'streak', 'hour', 'ago', 'something', 'check', 'say', 'streak', 'still', 'freeze', 'yesterday', 'hell', 'go']","['hey', 'also', 'save', 'streak', 'today', 'unfreeze', 'streak', 'hour', 'ago', 'something', 'check', 'say', 'streak', 'still', 'freeze', 'yesterday', 'hell', 'go']"
inclusion of too many LGBTQ phrases like she has an Italian wife or he has an American husband overrepresents a small demographic same sex married couples globally and introduces complex social concepts to young learners prematurely The question is why the hard push,inclusion too many lgbtq phrase like italian wife american husband overrepresents small demographic sex marry couple globally introduces complex social concept young learner prematurely question hard push,negative,"['inclusion', 'too', 'many', 'lgbtq', 'phrase', 'like', 'italian', 'wife', 'american', 'husband', 'overrepresents', 'small', 'demographic', 'sex', 'marry', 'couple', 'globally', 'introduces', 'complex', 'social', 'concept', 'young', 'learner', 'prematurely', 'question', 'hard', 'push']","['inclusion', 'too', 'many', 'lgbtq', 'phrase', 'like', 'italian', 'wife', 'american', 'husband', 'overrepresents', 'small', 'demographic', 'sex', 'marry', 'couple', 'globally', 'introduces', 'complex', 'social', 'concept', 'young', 'learner', 'prematurely', 'question', 'hard', 'push']"
mrbeast animation vs duolingo animation,mrbeast animation duolingo animation,neutral,"['mrbeast', 'animation', 'duolingo', 'animation']","['mrbeast', 'animation', 'duolingo', 'animation']"
my english score is,english score,neutral,"['english', 'score']","['english', 'score']"
global cyberattack feared,global cyberattack fear,neutral,"['global', 'cyberattack', 'fear']","['global', 'cyberattack', 'fear']"
duolingo struggle jana kumbee aws hehehe suffer,duolingo struggle jana kumbee aws hehehe suffer,neutral,"['duolingo', 'struggle', 'jana', 'kumbee', 'aws', 'hehehe', 'suffer']","['duolingo', 'struggle', 'jana', 'kumbee', 'aws', 'hehehe', 'suffer']"
where is Duolingo in your priority list,duolingo priority list,neutral,"['duolingo', 'priority', 'list']","['duolingo', 'priority', 'list']"
Is that why my Duolingo stopped working,duolingo stop work,neutral,"['duolingo', 'stop', 'work']","['duolingo', 'stop', 'work']"
I hope it doesn t reset,hope reset,neutral,"['hope', 'reset']","['hope', 'reset']"
they bloody better be,bloody well,negative,"['bloody', 'well']","['bloody', 'well']"
Come on Duolingo How can this man confidently peruse the glamorous Parisian shopping districts without your immediate help,come duolingo can man confidently peruse glamorous parisian shopping district without immediate help,positive,"['come', 'duolingo', 'can', 'man', 'confidently', 'peruse', 'glamorous', 'parisian', 'shopping', 'district', 'without', 'immediate', 'help']","['come', 'duolingo', 'can', 'man', 'confidently', 'peruse', 'glamorous', 'parisian', 'shopping', 'district', 'without', 'immediate', 'help']"
Duolingo is crossingdressing now,duolingo crossingdressing,neutral,"['duolingo', 'crossingdressing']","['duolingo', 'crossingdressing']"
Anyone here aware of why we can t learn,anyone aware can learn,neutral,"['anyone', 'aware', 'can', 'learn']","['anyone', 'aware', 'can', 'learn']"
duolingo situationship,duolingo situationship,neutral,"['duolingo', 'situationship']","['duolingo', 'situationship']"
amazon fix this i gonna loose my duolingo streak,amazon fix go loose duolingo streak,negative,"['amazon', 'fix', 'go', 'loose', 'duolingo', 'streak']","['amazon', 'fix', 'go', 'loose', 'duolingo', 'streak']"
i m sorry did i just see a trailer for duolingo s new anime,sorry just see trailer duolingo new anime,neutral,"['sorry', 'just', 'see', 'trailer', 'duolingo', 'new', 'anime']","['sorry', 'just', 'see', 'trailer', 'duolingo', 'new', 'anime']"
Sooo would it be a perfect week Because I had to use a freeze,sooo would perfect week use freeze,neutral,"['sooo', 'would', 'perfect', 'week', 'use', 'freeze']","['sooo', 'would', 'perfect', 'week', 'use', 'freeze']"
umm does not look like it,umm not not_look look like,neutral,"['umm', 'not', 'look', 'like']","['umm', 'not', 'not_look', 'look', 'like']"
duolingo identity crisis,duolingo identity crisis,neutral,"['duolingo', 'identity', 'crisis']","['duolingo', 'identity', 'crisis']"
yo fix this now,yo fix,negative,"['yo', 'fix']","['yo', 'fix']"
Is the reason of maintenance break for hours,reason maintenance break hour,neutral,"['reason', 'maintenance', 'break', 'hour']","['reason', 'maintenance', 'break', 'hour']"
My duolingo streak,duolingo streak,neutral,"['duolingo', 'streak']","['duolingo', 'streak']"
Revisiting The Power Of Consumer Brands DUOL Also CELH TSLA PLTR DASH,revisit power consumer brand duol also celh tsla pltr dash,neutral,"['revisit', 'power', 'consumer', 'brand', 'duol', 'also', 'celh', 'tsla', 'pltr', 'dash']","['revisit', 'power', 'consumer', 'brand', 'duol', 'also', 'celh', 'tsla', 'pltr', 'dash']"
At least I don t use Duolingo so my family is safe,least use duolingo so family safe,neutral,"['least', 'use', 'duolingo', 'so', 'family', 'safe']","['least', 'use', 'duolingo', 'so', 'family', 'safe']"
nyt game duolingo suppose morning instagram,nyt game duolingo suppose morning instagram,negative,"['nyt', 'game', 'duolingo', 'suppose', 'morning', 'instagram']","['nyt', 'game', 'duolingo', 'suppose', 'morning', 'instagram']"
Day one of asking to watch the Duolingo anime,day one ask watch duolingo anime,neutral,"['day', 'one', 'ask', 'watch', 'duolingo', 'anime']","['day', 'one', 'ask', 'watch', 'duolingo', 'anime']"
get on duolingo twin its time to,get duolingo twin time,positive,"['get', 'duolingo', 'twin', 'time']","['get', 'duolingo', 'twin', 'time']"
I forgot that Duolingo makes me competitive af like ok you re not fighting anyone,forget duolingo make competitive fuck like ok not not_fight fight anyone,positive,"['forget', 'duolingo', 'make', 'competitive', 'fuck', 'like', 'ok', 'not', 'fight', 'anyone']","['forget', 'duolingo', 'make', 'competitive', 'fuck', 'like', 'ok', 'not', 'not_fight', 'fight', 'anyone']"
sure there s my account link,sure account link,neutral,"['sure', 'account', 'link']","['sure', 'account', 'link']"
Wow she has such talent I m wasting my time with duolingo Just a shame there was no mention of Chris Waddle,wow talent waste time duolingo just shame no no_mention mention chris waddle,neutral,"['wow', 'talent', 'waste', 'time', 'duolingo', 'just', 'shame', 'no', 'mention', 'chris', 'waddle']","['wow', 'talent', 'waste', 'time', 'duolingo', 'just', 'shame', 'no', 'no_mention', 'mention', 'chris', 'waddle']"
Duolingo Does Not Recognize Palestine As A State So THEY RE The Ignorant White,duolingo not not_recognize recognize palestine state so ignorant white,negative,"['duolingo', 'not', 'recognize', 'palestine', 'state', 'so', 'ignorant', 'white']","['duolingo', 'not', 'not_recognize', 'recognize', 'palestine', 'state', 'so', 'ignorant', 'white']"
totally agree this feature sucks,totally agree feature suck,negative,"['totally', 'agree', 'feature', 'suck']","['totally', 'agree', 'feature', 'suck']"
Duolingo lame bird is threatening to rape me for missing my french lessons award,duolingo lame bird threaten rape miss french lesson award,negative,"['duolingo', 'lame', 'bird', 'threaten', 'rape', 'miss', 'french', 'lesson', 'award']","['duolingo', 'lame', 'bird', 'threaten', 'rape', 'miss', 'french', 'lesson', 'award']"
looks like someone read the duolingo playbook,look like someone read duolingo playbook,neutral,"['look', 'like', 'someone', 'read', 'duolingo', 'playbook']","['look', 'like', 'someone', 'read', 'duolingo', 'playbook']"
I thought you finally freed my family,think finally free family,neutral,"['think', 'finally', 'free', 'family']","['think', 'finally', 'free', 'family']"
Hey my kid is trying to repair their streak but we are unable to purchase gems to do this Please help so I don t have to listen to her anymore,hey kid try repair streak but unable purchase gem please help so listen anymore,neutral,"['hey', 'kid', 'try', 'repair', 'streak', 'but', 'unable', 'purchase', 'gem', 'please', 'help', 'so', 'listen', 'anymore']","['hey', 'kid', 'try', 'repair', 'streak', 'but', 'unable', 'purchase', 'gem', 'please', 'help', 'so', 'listen', 'anymore']"
i had to go through different languages to skip Lily video call but I made it for today,go different language skip lily video call but make today,neutral,"['go', 'different', 'language', 'skip', 'lily', 'video', 'call', 'but', 'make', 'today']","['go', 'different', 'language', 'skip', 'lily', 'video', 'call', 'but', 'make', 'today']"
my french duolingo streak,french duolingo streak,neutral,"['french', 'duolingo', 'streak']","['french', 'duolingo', 'streak']"
Hi We added that freeze back to your account Tap Shop tab to confirm,hi add freeze back account tap shop tab confirm,positive,"['hi', 'add', 'freeze', 'back', 'account', 'tap', 'shop', 'tab', 'confirm']","['hi', 'add', 'freeze', 'back', 'account', 'tap', 'shop', 'tab', 'confirm']"
Same Just started using the app and I m tired already,just start use app tire already,negative,"['just', 'start', 'use', 'app', 'tire', 'already']","['just', 'start', 'use', 'app', 'tire', 'already']"
DUOL ENERGY BUILDING QUICKLY AI tools LinkedIn Duolingo Score integration unlock new monetization path If subs keep rising double digit DUOL could retest soon Get in the group before this move explodes,duol energy build quickly ai tool linkedin duolingo score integration unlock new monetization path subs keep rise double digit duol could retest soon get group move explode,neutral,"['duol', 'energy', 'build', 'quickly', 'ai', 'tool', 'linkedin', 'duolingo', 'score', 'integration', 'unlock', 'new', 'monetization', 'path', 'subs', 'keep', 'rise', 'double', 'digit', 'duol', 'could', 'retest', 'soon', 'get', 'group', 'move', 'explode']","['duol', 'energy', 'build', 'quickly', 'ai', 'tool', 'linkedin', 'duolingo', 'score', 'integration', 'unlock', 'new', 'monetization', 'path', 'subs', 'keep', 'rise', 'double', 'digit', 'duol', 'could', 'retest', 'soon', 'get', 'group', 'move', 'explode']"
TLDP advertising on Duolingo is deeply hilarious to me although not the most effective as I m not buying a third copy sorry guys,tldp advertising duolingo deeply hilarious although not not_most most effective not not_buy buy third copy sorry guy,negative,"['tldp', 'advertising', 'duolingo', 'deeply', 'hilarious', 'although', 'not', 'most', 'effective', 'not', 'buy', 'third', 'copy', 'sorry', 'guy']","['tldp', 'advertising', 'duolingo', 'deeply', 'hilarious', 'although', 'not', 'not_most', 'most', 'effective', 'not', 'not_buy', 'buy', 'third', 'copy', 'sorry', 'guy']"
totally agree duolingo s design is top tier,totally agree duolingo design top tier,positive,"['totally', 'agree', 'duolingo', 'design', 'top', 'tier']","['totally', 'agree', 'duolingo', 'design', 'top', 'tier']"
This is so random but does anyone want to be friends on Duolingo,so random but anyone want friend duolingo,positive,"['so', 'random', 'but', 'anyone', 'want', 'friend', 'duolingo']","['so', 'random', 'but', 'anyone', 'want', 'friend', 'duolingo']"
Now that Spain is out I have switched my Duolingo to French,spain switch duolingo french,neutral,"['spain', 'switch', 'duolingo', 'french']","['spain', 'switch', 'duolingo', 'french']"
day of building the duolingo for relationships and staying close with friends thank you so much to Lindsay for the article pair with a loved one today,day build duolingo relationship stay close friend thank so much lindsay article pair loved one today,neutral,"['day', 'build', 'duolingo', 'relationship', 'stay', 'close', 'friend', 'thank', 'so', 'much', 'lindsay', 'article', 'pair', 'loved', 'one', 'today']","['day', 'build', 'duolingo', 'relationship', 'stay', 'close', 'friend', 'thank', 'so', 'much', 'lindsay', 'article', 'pair', 'loved', 'one', 'today']"
I started duolingo because I cannot go to the gym my allergic rhinitis was at its worst now I became kinda addicted bwahaha My obsessive tendencies,start duolingo can not not_go go gym allergic rhinitis bad become kind addicted bwahaha obsessive tendency,neutral,"['start', 'duolingo', 'can', 'not', 'go', 'gym', 'allergic', 'rhinitis', 'bad', 'become', 'kind', 'addicted', 'bwahaha', 'obsessive', 'tendency']","['start', 'duolingo', 'can', 'not', 'not_go', 'go', 'gym', 'allergic', 'rhinitis', 'bad', 'become', 'kind', 'addicted', 'bwahaha', 'obsessive', 'tendency']"
duolingo definitely win,duolingo definitely win,positive,"['duolingo', 'definitely', 'win']","['duolingo', 'definitely', 'win']"
You used my streak protector the problem with not doing the class was that the platform wasn t working I m a super family user and I m considering canceling it,use streak protector problem not not_class class platform work super family user consider cancel,negative,"['use', 'streak', 'protector', 'problem', 'not', 'class', 'platform', 'work', 'super', 'family', 'user', 'consider', 'cancel']","['use', 'streak', 'protector', 'problem', 'not', 'not_class', 'class', 'platform', 'work', 'super', 'family', 'user', 'consider', 'cancel']"
I learned this on Duolingo,learn duolingo,positive,"['learn', 'duolingo']","['learn', 'duolingo']"
The apocalypse begins Everyone We are doomed Duolingo Your streaks will be saved Everyone Well in that case,apocalypse begin everyone doom duolingo streak will save everyone well case,positive,"['apocalypse', 'begin', 'everyone', 'doom', 'duolingo', 'streak', 'will', 'save', 'everyone', 'well', 'case']","['apocalypse', 'begin', 'everyone', 'doom', 'duolingo', 'streak', 'will', 'save', 'everyone', 'well', 'case']"
Duolingo prepared me for reading and understanding this sign,duolingo prepare read understand sign,positive,"['duolingo', 'prepare', 'read', 'understand', 'sign']","['duolingo', 'prepare', 'read', 'understand', 'sign']"
Love Duolingos so much,love duolingos so much,positive,"['love', 'duolingos', 'so', 'much']","['love', 'duolingos', 'so', 'much']"
contrary to others I actually love duolingo lol,contrary others actually love duolingo laugh,positive,"['contrary', 'others', 'actually', 'love', 'duolingo', 'laugh']","['contrary', 'others', 'actually', 'love', 'duolingo', 'laugh']"
I am taking some lessons Duolingo Btw welcome to the list,take lesson duolingo btw welcome list,positive,"['take', 'lesson', 'duolingo', 'btw', 'welcome', 'list']","['take', 'lesson', 'duolingo', 'btw', 'welcome', 'list']"
Just aced a Hiragana lesson on Duolingo proud of myself I know duo is functionally useless for learning a language but doing it on the John has been more effective at learning the Japanese alphabets and only the alphabets than any of the other apps or books I use,just ace hiragana lesson duolingo proud know duo functionally useless learn language but john more effective learn japanese alphabet only alphabet apps book use,positive,"['just', 'ace', 'hiragana', 'lesson', 'duolingo', 'proud', 'know', 'duo', 'functionally', 'useless', 'learn', 'language', 'but', 'john', 'more', 'effective', 'learn', 'japanese', 'alphabet', 'only', 'alphabet', 'apps', 'book', 'use']","['just', 'ace', 'hiragana', 'lesson', 'duolingo', 'proud', 'know', 'duo', 'functionally', 'useless', 'learn', 'language', 'but', 'john', 'more', 'effective', 'learn', 'japanese', 'alphabet', 'only', 'alphabet', 'apps', 'book', 'use']"
you really dare to disrespect THE madonna who do you think you are,really dare disrespect madonna think,negative,"['really', 'dare', 'disrespect', 'madonna', 'think']","['really', 'dare', 'disrespect', 'madonna', 'think']"
I do not have to do Duolingo today I enjoy it but the streak thing was getting long,not not_duolingo duolingo today enjoy but streak thing get long,positive,"['not', 'duolingo', 'today', 'enjoy', 'but', 'streak', 'thing', 'get', 'long']","['not', 'not_duolingo', 'duolingo', 'today', 'enjoy', 'but', 'streak', 'thing', 'get', 'long']"
I forgot it like how I forgot to do Duolingo until all of my streak freezes are gone,forget like forget duolingo streak freeze go,negative,"['forget', 'like', 'forget', 'duolingo', 'streak', 'freeze', 'go']","['forget', 'like', 'forget', 'duolingo', 'streak', 'freeze', 'go']"
sigh i still have to do duolingo,sigh still duolingo,negative,"['sigh', 'still', 'duolingo']","['sigh', 'still', 'duolingo']"
Oh my gosh I totally didn t realize I forgot to do Duolingo yesterday and used a streak freeze,oh gosh totally realize forget duolingo yesterday use streak freeze,negative,"['oh', 'gosh', 'totally', 'realize', 'forget', 'duolingo', 'yesterday', 'use', 'streak', 'freeze']","['oh', 'gosh', 'totally', 'realize', 'forget', 'duolingo', 'yesterday', 'use', 'streak', 'freeze']"
It s so sad to see how you re ruining an app that I loved You don t want free users Don t worry you ll have fewer users in one year that s all,so sad see ruin app love want free user worry user one year,negative,"['so', 'sad', 'see', 'ruin', 'app', 'love', 'want', 'free', 'user', 'worry', 'user', 'one', 'year']","['so', 'sad', 'see', 'ruin', 'app', 'love', 'want', 'free', 'user', 'worry', 'user', 'one', 'year']"
there s a Duolingo anime you have to watch it There are episodes,duolingo anime watch episode,positive,"['duolingo', 'anime', 'watch', 'episode']","['duolingo', 'anime', 'watch', 'episode']"
For sure the vibe is so nice and chill especially in the evenings I was there for work I ve been to Barcelona as a teen with school so also overdue for a revisit Our new director is based there and I ve been learning Spanish on Duolingo now I just need to pull some strings to get to go there again What is your favorite place there,sure vibe so nice chill especially evening work barcelona teen school so also overdue revisit new director base learn spanish duolingo just need pull string get go favorite place,positive,"['sure', 'vibe', 'so', 'nice', 'chill', 'especially', 'evening', 'work', 'barcelona', 'teen', 'school', 'so', 'also', 'overdue', 'revisit', 'new', 'director', 'base', 'learn', 'spanish', 'duolingo', 'just', 'need', 'pull', 'string', 'get', 'go', 'favorite', 'place']","['sure', 'vibe', 'so', 'nice', 'chill', 'especially', 'evening', 'work', 'barcelona', 'teen', 'school', 'so', 'also', 'overdue', 'revisit', 'new', 'director', 'base', 'learn', 'spanish', 'duolingo', 'just', 'need', 'pull', 'string', 'get', 'go', 'favorite', 'place']"
It seems to be random other family members still have it,seem random family member still,neutral,"['seem', 'random', 'family', 'member', 'still']","['seem', 'random', 'family', 'member', 'still']"
I want to let my day Duolingo streak go because I am honestly tired of learning everyday but my ego is not letting me,want let day duolingo streak go honestly tire learn everyday but ego not not_let let,negative,"['want', 'let', 'day', 'duolingo', 'streak', 'go', 'honestly', 'tire', 'learn', 'everyday', 'but', 'ego', 'not', 'let']","['want', 'let', 'day', 'duolingo', 'streak', 'go', 'honestly', 'tire', 'learn', 'everyday', 'but', 'ego', 'not', 'not_let', 'let']"
wow crazy how small cracked team at Fluently is already so far ahead of Duolingo K K,wow crazy small crack team fluently already so far ahead duolingo,negative,"['wow', 'crazy', 'small', 'crack', 'team', 'fluently', 'already', 'so', 'far', 'ahead', 'duolingo']","['wow', 'crazy', 'small', 'crack', 'team', 'fluently', 'already', 'so', 'far', 'ahead', 'duolingo']"
Duolingo Bc same are you really going to ignore me WELL YES,duolingo really go ignore well yes,negative,"['duolingo', 'really', 'go', 'ignore', 'well', 'yes']","['duolingo', 'really', 'go', 'ignore', 'well', 'yes']"
The market still thinks that Duolingo is a language learning app Therein lies the opportunity,market still think duolingo language learn app therein lie opportunity,neutral,"['market', 'still', 'think', 'duolingo', 'language', 'learn', 'app', 'therein', 'lie', 'opportunity']","['market', 'still', 'think', 'duolingo', 'language', 'learn', 'app', 'therein', 'lie', 'opportunity']"
Posting my art on twt although no one gafs,post art twt although no no_one one gafs,negative,"['post', 'art', 'twt', 'although', 'no', 'one', 'gafs']","['post', 'art', 'twt', 'although', 'no', 'no_one', 'one', 'gafs']"
Please recommend online tutors abeg I m very far from lagos I can t travel to Lagos for physical class and Duolingo is not doing the job,please recommend online tutor abeg very far lagos can travel lagos physical class duolingo not not_job job,negative,"['please', 'recommend', 'online', 'tutor', 'abeg', 'very', 'far', 'lagos', 'can', 'travel', 'lagos', 'physical', 'class', 'duolingo', 'not', 'job']","['please', 'recommend', 'online', 'tutor', 'abeg', 'very', 'far', 'lagos', 'can', 'travel', 'lagos', 'physical', 'class', 'duolingo', 'not', 'not_job', 'job']"
I m waiting at land of wano,wait land wano,neutral,"['wait', 'land', 'wano']","['wait', 'land', 'wano']"
I m having trouble moving forward It just keeps thinking and doesn t move forward I m using French duolingo,trouble move forward just keep think move forward use french duolingo,negative,"['trouble', 'move', 'forward', 'just', 'keep', 'think', 'move', 'forward', 'use', 'french', 'duolingo']","['trouble', 'move', 'forward', 'just', 'keep', 'think', 'move', 'forward', 'use', 'french', 'duolingo']"
Priyanshu bhai I have been struggling to overcome my streak man I really wanna quit bro How did you manage this,priyanshu bhai struggle overcome streak man really want quit bro manage,negative,"['priyanshu', 'bhai', 'struggle', 'overcome', 'streak', 'man', 'really', 'want', 'quit', 'bro', 'manage']","['priyanshu', 'bhai', 'struggle', 'overcome', 'streak', 'man', 'really', 'want', 'quit', 'bro', 'manage']"
Brian s french is so sexy omg Should I add french on my duolingo,brian french so sexy oh god should add french duolingo,positive,"['brian', 'french', 'so', 'sexy', 'oh', 'god', 'should', 'add', 'french', 'duolingo']","['brian', 'french', 'so', 'sexy', 'oh', 'god', 'should', 'add', 'french', 'duolingo']"
s of better ways Duolingo is a SCAM,good way duolingo scam,negative,"['good', 'way', 'duolingo', 'scam']","['good', 'way', 'duolingo', 'scam']"
